source,cells,conservative_specimen_groups,complete_ccf_positions,nonempty_soma_layer,minimum_total_groups,supports_12_development_8_final,maximum_final_groups_after_minimum_development
MOp,75,17,75,47,20,false,5
SSs,68,16,68,55,20,false,4
CP,324,14,324,0,20,false,2
SSp-m,87,13,87,77,20,false,1
MOs,52,13,52,27,20,false,1
SSp-ll,19,12,19,12,20,false,0
VPM,389,10,389,0,20,false,0
VPL,81,10,81,0,20,false,0
SSp-bfd,63,10,63,50,20,false,0
MG,50,10,50,0,20,false,0
LGd,78,9,78,0,20,false,0
VISp,35,9,35,30,20,false,0
SSp-n,30,9,30,24,20,false,0
AId,24,9,24,20,20,false,0
SSp-ul,40,8,40,28,20,false,0
OT,17,8,17,0,20,false,0
SMT,13,7,13,0,20,false,0
SSp-un,11,7,11,8,20,false,0
VISC,10,7,10,7,20,false,0
RSPv,28,6,28,28,20,false,0
VPLpc,15,6,15,0,20,false,0
CLA,29,5,29,0,20,false,0
LP,16,5,16,0,20,false,0
LD,10,5,10,0,20,false,0
VISrl,10,5,10,9,20,false,0
TEa,9,5,9,9,20,false,0
EPd,7,5,7,0,20,false,0
VISl,6,5,6,5,20,false,0
VPMpc,6,5,6,0,20,false,0
SSp-tr,5,5,5,3,20,false,0
VM,12,4,12,0,20,false,0
CA1,11,4,11,0,20,false,0
MD,9,4,9,0,20,false,0
RE,9,4,9,0,20,false,0
AUDp,8,4,8,7,20,false,0
PO,8,4,8,0,20,false,0
RSPagl,8,4,8,4,20,false,0
VISal,8,4,8,8,20,false,0
AUDv,7,4,7,5,20,false,0
GU,6,4,6,6,20,false,0
RSPd,6,4,6,4,20,false,0
AM,5,4,5,0,20,false,0
RT,34,3,34,1,20,false,0
DG,21,3,21,0,20,false,0
ACB,9,3,9,0,20,false,0
AON,6,3,6,0,20,false,0
VAL,5,3,5,0,20,false,0
SUB,4,3,4,0,20,false,0
VISpm,4,3,4,2,20,false,0
ORBl,3,3,3,2,20,false,0
PVT,3,3,3,0,20,false,0
SI,3,3,3,0,20,false,0
VISa,3,3,3,2,20,false,0
VISam,6,2,6,4,20,false,0
TR,5,2,5,0,20,false,0
AUDd,4,2,4,3,20,false,0
ORBvl,4,2,4,3,20,false,0
CM,3,2,3,0,20,false,0
PRNr,3,2,3,0,20,false,0
ACAv,2,2,2,2,20,false,0
AIv,2,2,2,2,20,false,0
CA3,2,2,2,0,20,false,0
ENTl,2,2,2,2,20,false,0
IAD,2,2,2,0,20,false,0
ORBm,2,2,2,1,20,false,0
PIR,2,2,2,0,20,false,0
TRN,2,2,2,0,20,false,0
VISli,2,2,2,2,20,false,0
VISpor,2,2,2,2,20,false,0
ECT,4,1,4,4,20,false,0
PSV,3,1,3,0,20,false,0
ACAd,2,1,2,0,20,false,0
AIp,2,1,2,2,20,false,0
BST,2,1,2,0,20,false,0
CEA,2,1,2,0,20,false,0
AAA,1,1,1,0,20,false,0
AUDpo,1,1,1,1,20,false,0
BLA,1,1,1,0,20,false,0
BS,1,1,1,0,20,false,0
ENTm,1,1,1,1,20,false,0
FRP,1,1,1,1,20,false,0
FS,1,1,1,0,20,false,0
LSv,1,1,1,0,20,false,0
NDB,1,1,1,0,20,false,0
PAA,1,1,1,0,20,false,0
PAR,1,1,1,0,20,false,0
PB,1,1,1,0,20,false,0
POST,1,1,1,0,20,false,0
PoT,1,1,1,0,20,false,0
ProS,1,1,1,0,20,false,0
SGN,1,1,1,0,20,false,0
SSp,1,1,1,1,20,false,0
