coordinate_index,target_index,coordinate_id,target_id,allen_structure_id,allen_acronym,allen_name,laterality,anchor_graph_order,mapped_ontology_node_count,selection_rule,ontology_sha256
0,0,allen_184_FRP__ipsilateral,allen_184_FRP,184,FRP,"Frontal pole, cerebral cortex",ipsilateral,6,6,anchor_descendant_or_self,b5f0d024d1df09ee18aef15093f55240f4a70b3924ee9689add612dadff80386
1,0,allen_184_FRP__contralateral,allen_184_FRP,184,FRP,"Frontal pole, cerebral cortex",contralateral,6,6,anchor_descendant_or_self,b5f0d024d1df09ee18aef15093f55240f4a70b3924ee9689add612dadff80386
2,1,allen_993_MOs__ipsilateral,allen_993_MOs,993,MOs,Secondary motor area,ipsilateral,24,6,anchor_descendant_or_self,b5f0d024d1df09ee18aef15093f55240f4a70b3924ee9689add612dadff80386
3,1,allen_993_MOs__contralateral,allen_993_MOs,993,MOs,Secondary motor area,contralateral,24,6,anchor_descendant_or_self,b5f0d024d1df09ee18aef15093f55240f4a70b3924ee9689add612dadff80386
4,2,allen_453_SS__ipsilateral,allen_453_SS,453,SS,Somatosensory areas,ipsilateral,30,77,anchor_descendant_or_self,b5f0d024d1df09ee18aef15093f55240f4a70b3924ee9689add612dadff80386
5,2,allen_453_SS__contralateral,allen_453_SS,453,SS,Somatosensory areas,contralateral,30,77,anchor_descendant_or_self,b5f0d024d1df09ee18aef15093f55240f4a70b3924ee9689add612dadff80386
6,3,allen_1057_GU__ipsilateral,allen_1057_GU,1057,GU,Gustatory areas,ipsilateral,107,7,anchor_descendant_or_self,b5f0d024d1df09ee18aef15093f55240f4a70b3924ee9689add612dadff80386
7,3,allen_1057_GU__contralateral,allen_1057_GU,1057,GU,Gustatory areas,contralateral,107,7,anchor_descendant_or_self,b5f0d024d1df09ee18aef15093f55240f4a70b3924ee9689add612dadff80386
8,4,allen_677_VISC__ipsilateral,allen_677_VISC,677,VISC,Visceral area,ipsilateral,114,7,anchor_descendant_or_self,b5f0d024d1df09ee18aef15093f55240f4a70b3924ee9689add612dadff80386
9,4,allen_677_VISC__contralateral,allen_677_VISC,677,VISC,Visceral area,contralateral,114,7,anchor_descendant_or_self,b5f0d024d1df09ee18aef15093f55240f4a70b3924ee9689add612dadff80386
10,5,allen_247_AUD__ipsilateral,allen_247_AUD,247,AUD,Auditory areas,ipsilateral,121,36,anchor_descendant_or_self,b5f0d024d1df09ee18aef15093f55240f4a70b3924ee9689add612dadff80386
11,5,allen_247_AUD__contralateral,allen_247_AUD,247,AUD,Auditory areas,contralateral,121,36,anchor_descendant_or_self,b5f0d024d1df09ee18aef15093f55240f4a70b3924ee9689add612dadff80386
12,6,allen_669_VIS__ipsilateral,allen_669_VIS,669,VIS,Visual areas,ipsilateral,157,63,anchor_descendant_or_self,b5f0d024d1df09ee18aef15093f55240f4a70b3924ee9689add612dadff80386
13,6,allen_669_VIS__contralateral,allen_669_VIS,669,VIS,Visual areas,contralateral,157,63,anchor_descendant_or_self,b5f0d024d1df09ee18aef15093f55240f4a70b3924ee9689add612dadff80386
14,7,allen_31_ACA__ipsilateral,allen_31_ACA,31,ACA,Anterior cingulate area,ipsilateral,220,18,anchor_descendant_or_self,b5f0d024d1df09ee18aef15093f55240f4a70b3924ee9689add612dadff80386
15,7,allen_31_ACA__contralateral,allen_31_ACA,31,ACA,Anterior cingulate area,contralateral,220,18,anchor_descendant_or_self,b5f0d024d1df09ee18aef15093f55240f4a70b3924ee9689add612dadff80386
16,8,allen_972_PL__ipsilateral,allen_972_PL,972,PL,Prelimbic area,ipsilateral,238,7,anchor_descendant_or_self,b5f0d024d1df09ee18aef15093f55240f4a70b3924ee9689add612dadff80386
17,8,allen_972_PL__contralateral,allen_972_PL,972,PL,Prelimbic area,contralateral,238,7,anchor_descendant_or_self,b5f0d024d1df09ee18aef15093f55240f4a70b3924ee9689add612dadff80386
18,9,allen_44_ILA__ipsilateral,allen_44_ILA,44,ILA,Infralimbic area,ipsilateral,245,7,anchor_descendant_or_self,b5f0d024d1df09ee18aef15093f55240f4a70b3924ee9689add612dadff80386
19,9,allen_44_ILA__contralateral,allen_44_ILA,44,ILA,Infralimbic area,contralateral,245,7,anchor_descendant_or_self,b5f0d024d1df09ee18aef15093f55240f4a70b3924ee9689add612dadff80386
20,10,allen_714_ORB__ipsilateral,allen_714_ORB,714,ORB,Orbital area,ipsilateral,252,26,anchor_descendant_or_self,b5f0d024d1df09ee18aef15093f55240f4a70b3924ee9689add612dadff80386
21,10,allen_714_ORB__contralateral,allen_714_ORB,714,ORB,Orbital area,contralateral,252,26,anchor_descendant_or_self,b5f0d024d1df09ee18aef15093f55240f4a70b3924ee9689add612dadff80386
22,11,allen_95_AI__ipsilateral,allen_95_AI,95,AI,Agranular insular area,ipsilateral,278,19,anchor_descendant_or_self,b5f0d024d1df09ee18aef15093f55240f4a70b3924ee9689add612dadff80386
23,11,allen_95_AI__contralateral,allen_95_AI,95,AI,Agranular insular area,contralateral,278,19,anchor_descendant_or_self,b5f0d024d1df09ee18aef15093f55240f4a70b3924ee9689add612dadff80386
24,12,allen_254_RSP__ipsilateral,allen_254_RSP,254,RSP,Retrosplenial area,ipsilateral,297,42,anchor_descendant_or_self,b5f0d024d1df09ee18aef15093f55240f4a70b3924ee9689add612dadff80386
25,12,allen_254_RSP__contralateral,allen_254_RSP,254,RSP,Retrosplenial area,contralateral,297,42,anchor_descendant_or_self,b5f0d024d1df09ee18aef15093f55240f4a70b3924ee9689add612dadff80386
26,13,allen_22_PTLp__ipsilateral,allen_22_PTLp,22,PTLp,Posterior parietal association areas,ipsilateral,339,21,anchor_descendant_or_self,b5f0d024d1df09ee18aef15093f55240f4a70b3924ee9689add612dadff80386
27,13,allen_22_PTLp__contralateral,allen_22_PTLp,22,PTLp,Posterior parietal association areas,contralateral,339,21,anchor_descendant_or_self,b5f0d024d1df09ee18aef15093f55240f4a70b3924ee9689add612dadff80386
28,14,allen_541_TEa__ipsilateral,allen_541_TEa,541,TEa,Temporal association areas,ipsilateral,360,7,anchor_descendant_or_self,b5f0d024d1df09ee18aef15093f55240f4a70b3924ee9689add612dadff80386
29,14,allen_541_TEa__contralateral,allen_541_TEa,541,TEa,Temporal association areas,contralateral,360,7,anchor_descendant_or_self,b5f0d024d1df09ee18aef15093f55240f4a70b3924ee9689add612dadff80386
30,15,allen_922_PERI__ipsilateral,allen_922_PERI,922,PERI,Perirhinal area,ipsilateral,367,6,anchor_descendant_or_self,b5f0d024d1df09ee18aef15093f55240f4a70b3924ee9689add612dadff80386
31,15,allen_922_PERI__contralateral,allen_922_PERI,922,PERI,Perirhinal area,contralateral,367,6,anchor_descendant_or_self,b5f0d024d1df09ee18aef15093f55240f4a70b3924ee9689add612dadff80386
32,16,allen_895_ECT__ipsilateral,allen_895_ECT,895,ECT,Ectorhinal area,ipsilateral,373,6,anchor_descendant_or_self,b5f0d024d1df09ee18aef15093f55240f4a70b3924ee9689add612dadff80386
33,16,allen_895_ECT__contralateral,allen_895_ECT,895,ECT,Ectorhinal area,contralateral,373,6,anchor_descendant_or_self,b5f0d024d1df09ee18aef15093f55240f4a70b3924ee9689add612dadff80386
34,17,allen_698_OLF__ipsilateral,allen_698_OLF,698,OLF,Olfactory areas,ipsilateral,379,75,anchor_descendant_or_self,b5f0d024d1df09ee18aef15093f55240f4a70b3924ee9689add612dadff80386
35,17,allen_698_OLF__contralateral,allen_698_OLF,698,OLF,Olfactory areas,contralateral,379,75,anchor_descendant_or_self,b5f0d024d1df09ee18aef15093f55240f4a70b3924ee9689add612dadff80386
36,18,allen_1089_HPF__ipsilateral,allen_1089_HPF,1089,HPF,Hippocampal formation,ipsilateral,454,101,anchor_descendant_or_self,b5f0d024d1df09ee18aef15093f55240f4a70b3924ee9689add612dadff80386
37,18,allen_1089_HPF__contralateral,allen_1089_HPF,1089,HPF,Hippocampal formation,contralateral,454,101,anchor_descendant_or_self,b5f0d024d1df09ee18aef15093f55240f4a70b3924ee9689add612dadff80386
38,19,allen_703_CTXsp__ipsilateral,allen_703_CTXsp,703,CTXsp,Cortical subplate,ipsilateral,555,15,anchor_descendant_or_self,b5f0d024d1df09ee18aef15093f55240f4a70b3924ee9689add612dadff80386
39,19,allen_703_CTXsp__contralateral,allen_703_CTXsp,703,CTXsp,Cortical subplate,contralateral,555,15,anchor_descendant_or_self,b5f0d024d1df09ee18aef15093f55240f4a70b3924ee9689add612dadff80386
40,20,allen_477_STR__ipsilateral,allen_477_STR,477,STR,Striatum,ipsilateral,571,37,anchor_descendant_or_self,b5f0d024d1df09ee18aef15093f55240f4a70b3924ee9689add612dadff80386
41,20,allen_477_STR__contralateral,allen_477_STR,477,STR,Striatum,contralateral,571,37,anchor_descendant_or_self,b5f0d024d1df09ee18aef15093f55240f4a70b3924ee9689add612dadff80386
42,21,allen_803_PAL__ipsilateral,allen_803_PAL,803,PAL,Pallidum,ipsilateral,608,31,anchor_descendant_or_self,b5f0d024d1df09ee18aef15093f55240f4a70b3924ee9689add612dadff80386
43,21,allen_803_PAL__contralateral,allen_803_PAL,803,PAL,Pallidum,contralateral,608,31,anchor_descendant_or_self,b5f0d024d1df09ee18aef15093f55240f4a70b3924ee9689add612dadff80386
44,22,allen_549_TH__ipsilateral,allen_549_TH,549,TH,Thalamus,ipsilateral,641,74,anchor_descendant_or_self,b5f0d024d1df09ee18aef15093f55240f4a70b3924ee9689add612dadff80386
45,22,allen_549_TH__contralateral,allen_549_TH,549,TH,Thalamus,contralateral,641,74,anchor_descendant_or_self,b5f0d024d1df09ee18aef15093f55240f4a70b3924ee9689add612dadff80386
46,23,allen_1097_HY__ipsilateral,allen_1097_HY,1097,HY,Hypothalamus,ipsilateral,715,91,anchor_descendant_or_self,b5f0d024d1df09ee18aef15093f55240f4a70b3924ee9689add612dadff80386
47,23,allen_1097_HY__contralateral,allen_1097_HY,1097,HY,Hypothalamus,contralateral,715,91,anchor_descendant_or_self,b5f0d024d1df09ee18aef15093f55240f4a70b3924ee9689add612dadff80386
48,24,allen_313_MB__ipsilateral,allen_313_MB,313,MB,Midbrain,ipsilateral,806,76,anchor_descendant_or_self,b5f0d024d1df09ee18aef15093f55240f4a70b3924ee9689add612dadff80386
49,24,allen_313_MB__contralateral,allen_313_MB,313,MB,Midbrain,contralateral,806,76,anchor_descendant_or_self,b5f0d024d1df09ee18aef15093f55240f4a70b3924ee9689add612dadff80386
50,25,allen_771_P__ipsilateral,allen_771_P,771,P,Pons,ipsilateral,883,52,anchor_descendant_or_self,b5f0d024d1df09ee18aef15093f55240f4a70b3924ee9689add612dadff80386
51,25,allen_771_P__contralateral,allen_771_P,771,P,Pons,contralateral,883,52,anchor_descendant_or_self,b5f0d024d1df09ee18aef15093f55240f4a70b3924ee9689add612dadff80386
52,26,allen_354_MY__ipsilateral,allen_354_MY,354,MY,Medulla,ipsilateral,935,79,anchor_descendant_or_self,b5f0d024d1df09ee18aef15093f55240f4a70b3924ee9689add612dadff80386
53,26,allen_354_MY__contralateral,allen_354_MY,354,MY,Medulla,contralateral,935,79,anchor_descendant_or_self,b5f0d024d1df09ee18aef15093f55240f4a70b3924ee9689add612dadff80386
54,27,allen_512_CB__ipsilateral,allen_512_CB,512,CB,Cerebellum,ipsilateral,1014,87,anchor_descendant_or_self,b5f0d024d1df09ee18aef15093f55240f4a70b3924ee9689add612dadff80386
55,27,allen_512_CB__contralateral,allen_512_CB,512,CB,Cerebellum,contralateral,1014,87,anchor_descendant_or_self,b5f0d024d1df09ee18aef15093f55240f4a70b3924ee9689add612dadff80386
