provider_neuron_id,file,filename_specimen_prefix,source_acronym,hemisphere,reconstruction_type,soma_x_ccfv3_um,soma_y_ccfv3_um,soma_z_ccfv3_um,prefix_bytes_consumed,range_bytes_requested
14063,212064_009.swc,212064,MOp5,Left,Axon_and_dendrite,6191.01,924.536,4842.01,51,4096
9934,212064_010.swc,212064,MOp5,Left,Axon_and_dendrite,6199.37,993.799,4739.08,51,4096
14064,212064_011.swc,212064,MOp5,Left,Axon_and_dendrite,6106.97,987.186,4795.55,51,4096
9935,212064_012.swc,212064,MOp5,Left,Axon_and_dendrite,6071.98,877.029,4788.55,51,4096
9937,212064_015.swc,212064,MOp5,Left,Axon_and_dendrite,5882.72,898.16,4882.13,50,4096
12113,212064_019.swc,212064,MOp6a,Left,Axon_and_dendrite,6164.47,1365.06,4731.37,51,4096
12115,212065_010.swc,212065,MOp6a,Right,Axon_and_dendrite,3585.15,3761.86,8089.81,51,4096
1864,212065_014.swc,212065,MOp2/3,Right,Axon_and_dendrite,3285.61,2482.16,8145.42,51,4096
1865,212065_015.swc,212065,MOp2/3,Right,Axon_and_dendrite,3249.44,2504.19,8154.75,51,4096
9940,212065_016.swc,212065,MOp5,Right,Axon_and_dendrite,3577.86,3070.19,8117.11,51,4096
9942,212066_003.swc,212066,MOp5,Right,Axon_and_dendrite,3971.78,2611.44,8294.8,50,4096
1867,212066_004.swc,212066,MOp2/3,Right,Axon_and_dendrite,3964.3,2506.36,8428.82,50,4096
1868,212066_005.swc,212066,MOp2/3,Right,Axon_and_dendrite,3975.86,2475.16,8515.2,50,4096
12119,212066_006.swc,212066,MOp6a,Right,Axon_and_dendrite,4197.78,3098.66,8293.12,51,4096
1872,212067_001.swc,212067,MOp2/3,Right,Axon_and_dendrite,3674.24,3889.83,9085.87,51,4096
1873,212067_009.swc,212067,MOp2/3,Right,Axon_and_dendrite,3554.81,4023.39,9089.68,51,4096
1876,212067_013.swc,212067,MOp1,Right,Axon_and_dendrite,3375.51,2896.67,8870.03,51,4096
7093,212067_015.swc,212067,MOp2/3,Right,Axon_and_dendrite,3630.7,3197.85,8975.62,50,4096
1877,212067_016.swc,212067,MOp2/3,Right,Axon_and_dendrite,3554.59,3317.37,9023.03,51,4096
9951,212069_004.swc,212069,MOp5,Right,Axon_and_dendrite,4741.27,2263.96,7910.97,51,4096
14076,212074_019.swc,212074,MOp6a,Right,Axon_and_dendrite,5209.07,1856.45,7212.04,51,4096
14077,212074_021.swc,212074,MOp5,Right,Axon_and_dendrite,4939.84,1643.21,7374.27,51,4096
7102,212074_022.swc,212074,MOp2/3,Right,Axon_and_dendrite,4970.65,1424.36,7361.17,51,4096
7103,212074_023.swc,212074,MOp2/3,Right,Axon_and_dendrite,4976.26,1348.38,7415.02,51,4096
1923,212074_024.swc,212074,MOp2/3,Right,Axon_and_dendrite,4995.61,1308.32,7450.75,51,4096
1924,212074_025.swc,212074,MOp2/3,Right,Axon_and_dendrite,4966.25,1329.09,7375.68,51,4096
1942,220103_022.swc,220103,MOp2/3,Right,Axon_and_dendrite,5694.5,978.677,6661.21,50,4096
9976,220103_023.swc,220103,MOp5,Right,Axon_and_dendrite,5741.55,1287.79,6848.36,51,4096
1943,220103_025.swc,220103,MOp2/3,Right,Axon_and_dendrite,5596.15,1002.05,6742.21,51,4096
7112,220103_027.swc,220103,MOp2/3,Right,Axon_and_dendrite,5700.68,969.48,6759.26,50,4096
7113,220103_028.swc,220103,MOp2/3,Right,Axon_and_dendrite,5697.8,984.251,6837.09,50,4096
1944,220103_029.swc,220103,MOp2/3,Right,Axon_and_dendrite,5548.75,794.976,6806.33,51,4096
7114,220103_030.swc,220103,MOp2/3,Right,Axon_and_dendrite,5529.29,963.321,6882.89,51,4096
1945,220103_031.swc,220103,MOp2/3,Right,Axon_and_dendrite,5448.77,980.745,6757.93,51,4096
12169,220103_038.swc,220103,MOp6a,Right,Axon_and_dendrite,3595.37,3142.06,8049.28,51,4096
17287,220187_001.swc,220187,MOp6a,Right,Axon_and_dendrite,4495.79,2798.98,7894.6,50,4096
12172,220187_002.swc,220187,MOp6a,Right,Axon_and_dendrite,4456.07,2863.92,7894.95,51,4096
9987,220187_003.swc,220187,MOp5,Right,Axon_and_dendrite,4054.4,2791.96,8195.91,50,4096
17288,220187_004.swc,220187,MOp6a,Right,Axon_and_dendrite,4143.16,2863.11,8017.95,51,4096
17289,220187_005.swc,220187,MOp6a,Right,Axon_and_dendrite,4064.83,2794.17,7978.36,51,4096
14085,220187_006.swc,220187,MOp5,Right,Axon_and_dendrite,4281.77,2574.94,8163.33,51,4096
12173,220187_007.swc,220187,MOp6a,Right,Axon_and_dendrite,4349.23,2793.8,7891.09,50,4096
14086,220187_008.swc,220187,MOp6a,Right,Axon_and_dendrite,4282.34,2756.52,7604.81,51,4096
9988,220187_011.swc,220187,MOp5,Right,Axon_and_dendrite,4004.39,2393.86,7577.71,51,4096
14088,220187_013.swc,220187,MOp5,Right,Axon_and_dendrite,4053.2,2367.76,7433.23,50,4096
17290,220187_014.swc,220187,MOp6a,Right,Axon_and_dendrite,4209.14,2668.98,7406.23,51,4096
12175,220187_015.swc,220187,MOp6a,Right,Axon_and_dendrite,4306.79,2534.28,7568.79,51,4096
9989,220187_016.swc,220187,MOp5,Right,Axon_and_dendrite,4195.56,1978.11,7579.61,51,4096
1947,220187_017.swc,220187,MOp2/3,Right,Axon_and_dendrite,4173.79,1929.83,7658.24,51,4096
9990,220187_018.swc,220187,MOp5,Right,Axon_and_dendrite,3776.52,2305.36,7627.22,51,4096
14089,220187_019.swc,220187,MOp5,Right,Axon_and_dendrite,3692.3,2257.11,7671.39,50,4096
1948,220187_021.swc,220187,MOp2/3,Right,Axon_and_dendrite,3865.46,1917.25,7860.01,51,4096
1949,220187_022.swc,220187,MOp2/3,Right,Axon_and_dendrite,4007.92,1911.54,7873.93,51,4096
1950,220187_023.swc,220187,MOp1,Right,Axon_and_dendrite,3687.12,1881.8,8040.03,50,4096
1951,220187_024.swc,220187,MOp2/3,Right,Axon_and_dendrite,3813.07,2061.14,8029.95,51,4096
1952,220187_025.swc,220187,MOp2/3,Right,Axon_and_dendrite,4306.97,1925.66,7736.33,51,4096
1972,220187_063.swc,220187,MOp1,Right,Axon_and_dendrite,5182.15,912.587,6935.15,51,4096
9997,220187_065.swc,220187,MOp5,Right,Axon_and_dendrite,5680.08,1366.96,6868.22,51,4096
9998,220187_066.swc,220187,MOp5,Right,Axon_and_dendrite,5665.88,1462.41,6909.16,51,4096
9999,220187_067.swc,220187,MOp5,Right,Axon_and_dendrite,5708.01,1276.68,6737.91,51,4096
10000,220187_068.swc,220187,MOp5,Right,Axon_and_dendrite,5644.25,1163.85,6665.76,51,4096
14094,220187_069.swc,220187,MOp5,Right,Axon_and_dendrite,5809.34,1332.32,6888.8,50,4096
14095,220187_070.swc,220187,MOp5,Right,Axon_and_dendrite,5927.12,1237.08,6909.73,51,4096
14096,220187_071.swc,220187,MOp5,Right,Axon_and_dendrite,5862.31,1184.97,6902.3,50,4096
10001,220187_072.swc,220187,MOp5,Right,Axon_and_dendrite,5922.39,1219.69,6823.35,51,4096
10002,220187_073.swc,220187,MOp5,Right,Axon_and_dendrite,5742.54,1022.4,6691.39,50,4096
12181,220187_075.swc,220187,MOp6a,Right,Axon_and_dendrite,5639.59,1910.26,6772.24,51,4096
12182,220187_076.swc,220187,MOp6a,Right,Axon_and_dendrite,5984.91,1442.27,6775.07,51,4096
12183,220187_077.swc,220187,MOp6a,Right,Axon_and_dendrite,6065.12,1559.73,6875.58,51,4096
17294,220187_081.swc,220187,MOp6a,Right,Axon_and_dendrite,5778.34,1791.81,6754.97,51,4096
12186,220187_082.swc,220187,MOp6a,Right,Axon_and_dendrite,5753.62,1754.35,6800.09,51,4096
14097,220187_083.swc,220187,MOp5,Right,Axon_and_dendrite,5521.69,1498.12,6957.79,51,4096
14098,220187_084.swc,220187,MOp5,Right,Axon_and_dendrite,5926.63,1138.83,6597.18,51,4096
14111,220188_058.swc,220188,MOp5,Left,Axon_and_dendrite,4525.53,2054.94,4288.23,51,4096
14112,220188_062.swc,220188,MOp5,Left,Axon_and_dendrite,4792.94,1893.32,4321.01,51,4096
17307,220188_064.swc,220188,MOp6a,Left,Axon_and_dendrite,4901.83,2163.61,4502.49,51,4096
14115,220188_088.swc,220188,MOp5,Right,Axon_and_dendrite,5737.08,1148.87,6587.97,51,4096
10012,220188_089.swc,220188,MOp5,Right,Axon_and_dendrite,5716.52,1263.95,6628.27,51,4096
17312,220188_102.swc,220188,MOp6a,Right,Axon_and_dendrite,6146.99,1483.79,6651.25,51,4096
17313,220188_103.swc,220188,MOp5,Right,Axon_and_dendrite,6026.24,1223.26,6679.48,51,4096
12194,220188_104.swc,220188,MOp6a,Right,Axon_and_dendrite,6269.48,1361.83,6840.87,51,4096
1981,220188_108.swc,220188,MOp2/3,Right,Axon_and_dendrite,5476.66,904.48,6840.85,50,4096
14117,220188_109.swc,220188,MOp5,Right,Axon_and_dendrite,5546.94,1173.63,6912.07,51,4096
1986,220188_116.swc,220188,MOp1,Right,Axon_and_dendrite,3624.26,1763.0,7880.47,48,4096
1987,220188_117.swc,220188,MOp2/3,Right,Axon_and_dendrite,3885.21,1722.78,7577.6,50,4096
1988,220188_118.swc,220188,MOp2/3,Right,Axon_and_dendrite,3912.98,1722.24,7559.85,51,4096
1989,220188_119.swc,220188,MOp2/3,Right,Axon_and_dendrite,4004.63,1807.32,7409.05,51,4096
14118,220188_121.swc,220188,MOp5,Right,Axon_and_dendrite,4191.58,2128.11,7396.3,50,4096
10014,220188_122.swc,220188,MOp5,Right,Axon_and_dendrite,4245.95,2279.86,7469.19,51,4096
10015,220188_123.swc,220188,MOp5,Right,Axon_and_dendrite,4066.49,2175.8,7688.78,50,4096
10016,220188_124.swc,220188,MOp5,Right,Axon_and_dendrite,4035.69,2252.89,7718.17,51,4096
7117,220188_125.swc,220188,MOp2/3,Right,Axon_and_dendrite,4027.58,1840.25,7583.09,51,4096
14119,220188_127.swc,220188,MOp5,Right,Axon_and_dendrite,4311.56,1963.49,7518.45,51,4096
17315,220188_132.swc,220188,MOp6a,Right,Axon_and_dendrite,4019.79,2713.18,7597.47,51,4096
17316,220188_133.swc,220188,MOp6a,Right,Axon_and_dendrite,3821.5,2703.05,7693.58,50,4096
1991,220188_136.swc,220188,MOp2/3,Right,Axon_and_dendrite,3704.38,2196.41,7905.58,51,4096
12196,220188_138.swc,220188,MOp6a,Right,Axon_and_dendrite,4251.17,2779.89,7611.11,51,4096
17317,220188_139.swc,220188,MOp6a,Right,Axon_and_dendrite,4469.49,2611.71,7654.02,51,4096
12197,220188_140.swc,220188,MOp6a,Right,Axon_and_dendrite,4466.71,2706.02,7682.86,51,4096
1994,220189_041.swc,220189,MOp2/3,Right,Axon_and_dendrite,3823.25,1862.25,7579.29,51,4096
1995,220189_042.swc,220189,MOp2/3,Right,Axon_and_dendrite,3870.92,2081.86,7715.78,51,4096
10026,220189_043.swc,220189,MOp5,Right,Axon_and_dendrite,3939.75,2272.99,7637.31,51,4096
1996,220189_045.swc,220189,MOp2/3,Right,Axon_and_dendrite,3948.84,1784.48,7485.49,51,4096
17334,220189_064.swc,220189,MOp6a,Right,Axon_and_dendrite,4245.19,2859.84,7516.1,50,4096
17335,220189_065.swc,220189,MOp6a,Right,Axon_and_dendrite,4352.09,2809.38,7452.92,51,4096
12215,220189_073.swc,220189,MOp6a,Right,Axon_and_dendrite,3996.0,3283.28,7874.27,48,4096
12216,220189_075.swc,220189,MOp6b,Right,Axon_and_dendrite,4201.95,3313.91,8058.26,51,4096
12218,220189_084.swc,220189,MOp6a,Right,Axon_and_dendrite,5832.81,1520.76,6918.19,51,4096
14126,220189_085.swc,220189,MOp5,Right,Axon_and_dendrite,5958.4,1210.74,6824.51,50,4096
14127,220189_086.swc,220189,MOp5,Right,Axon_and_dendrite,6108.68,973.826,6576.26,51,4096
12220,220189_094.swc,220189,MOp6a,Right,Axon_and_dendrite,5449.33,1591.81,6812.75,51,4096
12221,220189_095.swc,220189,MOp6a,Right,Axon_and_dendrite,5480.22,1582.3,6819.19,50,4096
10032,220190_009.swc,220190,MOp5,Left,Axon_and_dendrite,4350.22,2032.76,4273.58,51,4096
2000,220190_035.swc,220190,MOp2/3,Right,Axon_and_dendrite,3764.94,1765.56,7686.42,51,4096
10038,220190_036.swc,220190,MOp5,Right,Axon_and_dendrite,4056.06,2168.2,7892.88,50,4096
17347,220190_038.swc,220190,MOp5,Right,Axon_and_dendrite,4127.6,2006.56,7357.48,50,4096
2001,220190_039.swc,220190,MOp1,Right,Axon_and_dendrite,3993.24,1436.44,7511.56,51,4096
7118,220190_040.swc,220190,MOp2/3,Right,Axon_and_dendrite,4207.5,1759.08,7214.36,50,4096
17348,220190_041.swc,220190,MOp6a,Right,Axon_and_dendrite,4287.7,2452.22,7720.44,50,4096
14138,220190_042.swc,220190,MOp5,Right,Axon_and_dendrite,4384.58,1899.61,7539.78,51,4096
17349,220190_043.swc,220190,MOp6a,Right,Axon_and_dendrite,4042.3,2749.28,7615.62,50,4096
17350,220190_044.swc,220190,MOp6a,Right,Axon_and_dendrite,4134.56,2673.96,7742.4,50,4096
12229,220190_046.swc,220190,MOp6a,Right,Axon_and_dendrite,4042.54,2736.46,7893.02,51,4096
12230,220190_052.swc,220190,MOp6a,Right,Axon_and_dendrite,5512.1,1621.32,6762.14,50,4096
12231,220190_056.swc,220190,MOp6a,Right,Axon_and_dendrite,5921.52,1818.3,6945.8,49,4096
12232,220190_057.swc,220190,MOp6a,Right,Axon_and_dendrite,5934.68,1650.53,6951.12,51,4096
12233,220190_059.swc,220190,MOp6a,Right,Axon_and_dendrite,6231.42,1549.02,6708.4,50,4096
14139,220190_064.swc,220190,MOp5,Right,Axon_and_dendrite,5975.9,1238.03,6916.56,50,4096
10042,220190_066.swc,220190,MOp5,Right,Axon_and_dendrite,5940.24,1227.03,6774.72,51,4096
12236,220190_072.swc,220190,MOp6a,Right,Axon_and_dendrite,5622.06,1746.92,6987.16,51,4096
10210,220235_016.swc,220235,MOp5,Right,Axon_and_dendrite,3747.42,4136.33,8659.49,51,4096
17409,220235_017.swc,220235,MOp5,Right,Axon_only,3869.76,4105.59,8639.86,51,4096
17410,220235_018.swc,220235,MOp6a,Right,Axon_and_dendrite,3982.35,3990.26,8616.77,51,4096
10211,220235_019.swc,220235,MOp5,Right,Axon_and_dendrite,3788.74,3842.9,8698.91,50,4096
10212,220235_020.swc,220235,MOp5,Right,Axon_and_dendrite,3728.07,3757.78,8635.34,51,4096
10213,220235_021.swc,220235,MOp5,Right,Axon_and_dendrite,3608.87,4001.39,8752.49,51,4096
17411,220235_022.swc,220235,MOp5,Right,Axon_and_dendrite,3756.05,4071.04,8519.39,51,4096
12278,220235_025.swc,220235,MOp6a,Right,Axon_and_dendrite,3905.99,3884.91,8383.35,51,4096
10215,220235_028.swc,220235,MOp5,Right,Axon_and_dendrite,3831.69,4115.85,8866.04,51,4096
10217,220235_034.swc,220235,MOp5,Left,Axon_and_dendrite,3918.11,3034.6,3065.25,50,4096
10218,220235_035.swc,220235,MOp5,Left,Axon_and_dendrite,3937.03,2936.0,2953.22,48,4096
10219,220235_036.swc,220235,MOp5,Left,Axon_only,3847.57,2856.42,2827.61,51,4096
10220,220235_038.swc,220235,MOp5,Left,Axon_and_dendrite,3896.55,3075.87,2786.19,51,4096
10221,220235_039.swc,220235,MOp5,Left,Axon_and_dendrite,3935.12,3170.53,2946.5,50,4096
12280,220235_040.swc,220235,MOp6a,Left,Axon_and_dendrite,3892.06,3266.22,3035.74,51,4096
2337,220235_043.swc,220235,MOp2/3,Left,Axon_and_dendrite,3616.94,2907.59,2831.13,51,4096
2338,220235_045.swc,220235,MOp2/3,Left,Axon_and_dendrite,3656.54,2851.12,2709.62,51,4096
2339,220235_046.swc,220235,MOp2/3,Left,Axon_and_dendrite,3537.45,2736.9,2787.22,50,4096
2340,220235_047.swc,220235,MOp1,Left,Axon_and_dendrite,3428.1,2695.58,2639.54,50,4096
2341,220235_050.swc,220235,MOp2/3,Left,Axon_and_dendrite,3672.83,2824.85,2552.12,51,4096
2342,220235_052.swc,220235,MOp2/3,Left,Axon_and_dendrite,3563.77,2975.28,2369.39,51,4096
14286,220235_054.swc,220235,MOp5,Left,Axon_and_dendrite,3729.55,3379.23,2727.44,51,4096
17413,220236_002.swc,220236,MOp5,Left,Axon_and_dendrite,3712.18,3474.66,2749.14,51,4096
10223,220236_003.swc,220236,MOp5,Left,Axon_and_dendrite,3619.08,3470.0,2601.98,48,4096
10224,220236_005.swc,220236,MOp5,Left,Axon_and_dendrite,3916.54,3145.68,2566.94,51,4096
2345,220236_007.swc,220236,MOp2/3,Left,Axon_and_dendrite,3722.6,3183.84,2512.82,50,4096
14287,220236_008.swc,220236,MOp5,Left,Axon_and_dendrite,3751.74,2851.02,2893.0,48,4096
2346,220236_009.swc,220236,MOp2/3,Left,Axon_and_dendrite,3546.86,2530.18,2823.54,51,4096
2347,220236_011.swc,220236,MOp1,Left,Axon_and_dendrite,3256.44,2562.12,2832.78,51,4096
2348,220236_012.swc,220236,MOp2/3,Left,Axon_and_dendrite,3236.44,2596.28,2887.78,51,4096
10225,220236_018.swc,220236,MOp5,Right,Axon_and_dendrite,3913.2,4228.44,8749.4,49,4096
10228,220236_026.swc,220236,MOp5,Right,Axon_and_dendrite,3887.46,3924.96,8560.34,51,4096
17414,220236_027.swc,220236,MOp6a,Right,Axon_and_dendrite,3863.3,3947.54,8422.76,50,4096
17415,220236_028.swc,220236,MOp6a,Right,Axon_and_dendrite,3840.98,4095.5,8471.56,50,4096
10229,220236_030.swc,220236,MOp5,Right,Axon_and_dendrite,3661.16,3900.58,8518.82,51,4096
17416,220236_031.swc,220236,MOp5,Right,Axon_and_dendrite,3684.72,3906.9,8478.54,50,4096
10230,220236_042.swc,220236,MOp5,Left,Axon_and_dendrite,3835.3,3471.9,2588.6,48,4096
14315,221043_038.swc,221043,MOp5,Left,Axon_and_dendrite,4081.84,2845.24,2846.06,51,4096
2399,221043_039.swc,221043,MOp2/3,Left,Axon_and_dendrite,3939.0,2747.64,2778.76,48,4096
2400,221043_040.swc,221043,MOp2/3,Left,Axon_and_dendrite,3875.56,2823.14,2680.26,51,4096
2401,221043_041.swc,221043,MOp2/3,Left,Axon_and_dendrite,3763.02,2756.62,2531.82,51,4096
2402,221043_042.swc,221043,MOp2/3,Left,Axon_and_dendrite,3688.8,2569.34,2582.48,50,4096
2408,221043_050.swc,221043,MOp2/3,Left,Axon_and_dendrite,3984.24,2414.36,2540.1,50,4096
2409,221043_051.swc,221043,MOp2/3,Left,Axon_and_dendrite,4050.5,2240.0,2616.56,47,4096
7152,221043_052.swc,221043,MOp2/3,Left,Axon_and_dendrite,4135.94,2351.54,2669.32,51,4096
2410,221043_053.swc,221043,MOp2/3,Left,Axon_and_dendrite,4100.98,2363.1,2622.82,50,4096
2411,221043_054.swc,221043,MOp2/3,Left,Axon_and_dendrite,4137.94,2460.34,2813.0,48,4096
2412,221043_055.swc,221043,MOp1,Left,Axon_and_dendrite,3991.92,2165.04,2667.26,51,4096
2413,221043_057.swc,221043,MOp1,Left,Axon_and_dendrite,3896.94,2120.2,2843.58,50,4096
2414,221043_058.swc,221043,MOp1,Left,Axon_and_dendrite,3857.86,2186.14,2808.08,51,4096
2415,221043_059.swc,221043,MOp2/3,Left,Axon_and_dendrite,3627.1,2298.34,2927.3,49,4096
2416,221043_060.swc,221043,MOp2/3,Left,Axon_and_dendrite,3722.58,2358.96,2855.82,51,4096
2417,221043_061.swc,221043,MOp2/3,Left,Axon_and_dendrite,3699.28,2358.62,2816.3,50,4096
2418,221043_062.swc,221043,MOp2/3,Left,Axon_and_dendrite,3682.98,2405.84,2765.92,51,4096
2419,221043_063.swc,221043,MOp2/3,Left,Axon_and_dendrite,3788.38,2271.22,2813.32,51,4096
2420,221043_064.swc,221043,MOp2/3,Left,Axon_and_dendrite,3962.92,2511.66,2997.36,51,4096
7153,221043_065.swc,221043,MOp2/3,Left,Axon_and_dendrite,3952.44,2378.8,2979.06,50,4096
17435,221044_001.swc,221044,MOp6a,Right,Axon_and_dendrite,5219.96,2112.14,7394.86,51,4096
17441,221044_007.swc,221044,MOp6a,Right,Axon_and_dendrite,5158.7,2346.2,7323.78,49,4096
17442,221044_008.swc,221044,MOp6a,Right,Axon_and_dendrite,5066.6,2342.12,7572.3,49,4096
17443,221044_009.swc,221044,MOp6a,Right,Axon_and_dendrite,4950.94,2499.12,7759.9,50,4096
17461,221044_033.swc,221044,MOp6a,Right,Axon_and_dendrite,4037.0,3335.78,8414.06,48,4096
14359,221085_012.swc,221085,MOp5,Right,Axon_and_dendrite,4940.26,2044.98,7745.22,51,4096
14360,221085_013.swc,221085,MOp5,Right,Axon_and_dendrite,4937.48,2041.9,7794.44,50,4096
14361,221085_014.swc,221085,MOp5,Right,Axon_and_dendrite,4865.5,1934.92,7849.54,50,4096
14362,221085_015.swc,221085,MOp5,Right,Axon_and_dendrite,4846.14,1956.74,7912.54,51,4096
14363,221085_016.swc,221085,MOp5,Right,Axon_and_dendrite,4842.86,2090.68,7869.08,51,4096
14364,221085_017.swc,221085,MOp5,Right,Axon_and_dendrite,4863.66,2102.72,7893.14,51,4096
10314,221085_018.swc,221085,MOp5,Right,Axon_and_dendrite,4744.3,2169.72,7866.54,50,4096
14365,221085_019.swc,221085,MOp5,Right,Axon_and_dendrite,4730.66,2197.42,7863.96,51,4096
14366,221085_021.swc,221085,MOp5,Right,Axon_and_dendrite,4595.2,2211.58,7975.22,50,4096
10315,221085_022.swc,221085,MOp5,Right,Axon_and_dendrite,4608.56,2110.96,8049.78,51,4096
2825,221085_023.swc,221085,MOp2/3,Right,Axon_and_dendrite,4634.74,2028.78,8071.98,51,4096
14387,221085_049.swc,221085,MOp5,Right,Axon_and_dendrite,4720.64,2033.78,7750.42,51,4096
14393,221085_059.swc,221085,MOp5,Right,Axon_and_dendrite,4605.78,2276.0,8131.16,48,4096
17494,221085_060.swc,221085,MOp5,Right,Axon_and_dendrite,4606.82,2263.04,8158.74,51,4096
14394,221085_061.swc,221085,MOp5,Right,Axon_and_dendrite,4566.68,2381.8,8245.1,49,4096
2843,221088_069.swc,221088,MOp2/3,Right,Axon_and_dendrite,3828.04,2856.56,8640.36,51,4096
10353,221088_070.swc,221088,MOp5,Right,Axon_and_dendrite,3717.34,3377.2,8792.52,50,4096
2844,221088_073.swc,221088,MOp2/3,Right,Axon_and_dendrite,3613.94,2838.12,8564.68,51,4096
10354,221088_079.swc,221088,MOp5,Right,Axon_and_dendrite,3592.62,4192.4,8790.68,50,4096
2882,221090_031.swc,221090,MOp2/3,Right,Axon_and_dendrite,4102.28,2049.48,7857.04,51,4096
2883,221090_032.swc,221090,MOp2/3,Right,Axon_and_dendrite,4048.78,1990.48,7802.86,51,4096
2884,221090_033.swc,221090,MOp2/3,Right,Axon_and_dendrite,4018.22,2041.96,7801.78,51,4096
10457,221090_035.swc,221090,MOp5,Right,Axon_and_dendrite,4068.78,2152.0,7898.34,48,4096
10458,221090_036.swc,221090,MOp5,Right,Axon_and_dendrite,4075.22,2338.78,7852.6,50,4096
10459,221090_037.swc,221090,MOp5,Right,Axon_and_dendrite,3863.66,2253.14,7609.64,51,4096
10460,221090_038.swc,221090,MOp5,Right,Axon_and_dendrite,3903.18,2092.54,7489.98,51,4096
2888,221090_045.swc,221090,MOp2/3,Right,Axon_and_dendrite,4033.28,2302.38,8133.1,50,4096
2889,221090_046.swc,221090,MOp2/3,Right,Axon_and_dendrite,4166.78,2178.66,8007.2,50,4096
2890,221090_047.swc,221090,MOp2/3,Right,Axon_and_dendrite,3982.84,1912.33,7575.8,50,4096
2891,221090_048.swc,221090,MOp2/3,Right,Axon_and_dendrite,4077.22,1877.59,7457.72,51,4096
7277,221090_049.swc,221090,MOp2/3,Right,Axon_and_dendrite,3955.54,1835.4,7455.26,50,4096
2898,221090_118.swc,221090,MOp2/3,Right,Axon_and_dendrite,4045.2,2213.2,8019.32,49,4096
10491,221090_120.swc,221090,MOp5,Right,Axon_and_dendrite,3618.88,2382.6,7822.22,50,4096
10492,221090_121.swc,221090,MOp5,Right,Axon_and_dendrite,3642.52,2305.38,7861.84,51,4096
10493,221090_122.swc,221090,MOp5,Right,Axon_and_dendrite,3797.96,2392.14,7911.08,51,4096
10494,221090_123.swc,221090,MOp5,Right,Axon_and_dendrite,3831.92,2391.2,7956.64,50,4096
10495,221090_124.swc,221090,MOp5,Right,Axon_and_dendrite,3642.04,2420.26,7944.74,51,4096
10496,221090_125.swc,221090,MOp5,Right,Axon_and_dendrite,3696.2,2417.54,8022.06,50,4096
10497,221090_126.swc,221090,MOp5,Right,Axon_and_dendrite,3602.2,2503.36,8109.74,50,4096
2900,221090_127.swc,221090,MOp2/3,Right,Axon_and_dendrite,3660.4,2430.6,8125.68,49,4096
10498,221090_128.swc,221090,MOp5,Right,Axon_and_dendrite,4200.72,2012.52,7688.52,51,4096
2901,221090_129.swc,221090,MOp2/3,Right,Axon_and_dendrite,3471.18,2283.46,7928.4,50,4096
2902,221090_130.swc,221090,MOp2/3,Right,Axon_and_dendrite,3530.4,2331.86,7970.18,50,4096
10500,221090_132.swc,221090,MOp5,Right,Axon_and_dendrite,3948.28,2159.52,7845.96,51,4096
2903,221090_137.swc,221090,MOp2/3,Right,Axon_and_dendrite,3724.76,2389.18,8118.52,51,4096
7297,221091_005.swc,221091,MOp5,Left,Axon_and_dendrite,5238.9,1236.56,4731.12,50,4096
10544,221091_066.swc,221091,MOp5,Left,Axon_and_dendrite,5021.0,1482.39,4597.92,48,4096
10545,221091_067.swc,221091,MOp5,Left,Axon_and_dendrite,4958.66,1404.94,4543.14,51,4096
10546,221091_068.swc,221091,MOp5,Left,Axon_and_dendrite,5151.64,1519.99,4629.7,50,4096
12349,221091_069.swc,221091,MOp6a,Left,Axon_and_dendrite,5113.24,1686.38,4560.4,50,4096
10548,221091_072.swc,221091,MOp5,Left,Axon_and_dendrite,4654.82,1755.32,4276.24,51,4096
10549,221091_073.swc,221091,MOp5,Left,Axon_and_dendrite,4671.52,1886.42,4263.54,51,4096
10550,221091_074.swc,221091,MOp5,Left,Axon_and_dendrite,4628.54,1647.47,4213.02,51,4096
10551,221091_076.swc,221091,MOp5,Left,Axon_and_dendrite,4518.94,1757.35,4228.72,51,4096
10552,221091_077.swc,221091,MOp5,Left,Axon_and_dendrite,4722.64,1647.78,4177.14,51,4096
10553,221091_078.swc,221091,MOp5,Left,Axon_and_dendrite,4808.66,1730.91,4160.7,50,4096
2909,221091_079.swc,221091,MOp2/3,Left,Axon_and_dendrite,4771.1,1620.87,4041.48,50,4096
10554,221091_080.swc,221091,MOp5,Left,Axon_and_dendrite,4669.22,1783.65,4079.22,51,4096
10555,221091_081.swc,221091,MOp5,Left,Axon_and_dendrite,4514.5,1792.16,3993.98,50,4096
10556,221091_082.swc,221091,MOp5,Left,Axon_and_dendrite,4485.46,1865.87,3985.4,50,4096
10557,221091_083.swc,221091,MOp5,Left,Axon_and_dendrite,4410.96,1877.54,3903.0,48,4096
10558,221091_084.swc,221091,MOp5,Left,Axon_and_dendrite,4472.6,1891.84,3832.62,50,4096
10559,221091_085.swc,221091,MOp5,Left,Axon_and_dendrite,4356.04,2058.34,3972.06,51,4096
10560,221091_086.swc,221091,MOp5,Left,Axon_and_dendrite,4869.84,1704.47,3999.84,51,4096
10561,221091_087.swc,221091,MOp5,Left,Axon_and_dendrite,4753.74,1900.6,3976.38,50,4096
10562,221091_088.swc,221091,MOp5,Left,Axon_and_dendrite,4730.24,1927.63,3968.14,51,4096
10563,221091_089.swc,221091,MOp5,Left,Axon_and_dendrite,4668.74,1898.53,3887.12,51,4096
10564,221091_090.swc,221091,MOp5,Left,Axon_and_dendrite,4635.36,1846.48,3912.46,51,4096
10565,221091_091.swc,221091,MOp5,Left,Axon_and_dendrite,4617.84,1794.68,3945.04,51,4096
10566,221091_092.swc,221091,MOp5,Left,Axon_and_dendrite,4648.04,1839.74,3805.34,51,4096
10567,221091_093.swc,221091,MOp5,Left,Axon_and_dendrite,4761.94,1749.75,3865.64,51,4096
7304,221091_094.swc,221091,MOp5,Left,Axon_and_dendrite,4792.24,1891.05,3904.98,51,4096
10568,221091_096.swc,221091,MOp5,Left,Axon_and_dendrite,4732.98,1753.67,3916.4,50,4096
10569,221091_097.swc,221091,MOp5,Left,Axon_and_dendrite,4831.16,1908.94,3843.26,51,4096
10570,221091_098.swc,221091,MOp5,Left,Axon_and_dendrite,4864.92,1755.89,3805.38,51,4096
10571,221091_099.swc,221091,MOp5,Left,Axon_and_dendrite,4956.52,1770.85,3698.7,50,4096
10572,221091_102.swc,221091,MOp5,Left,Axon_and_dendrite,5003.18,1700.38,3818.12,51,4096
10573,221091_103.swc,221091,MOp5,Left,Axon_and_dendrite,5008.08,1689.2,3859.42,50,4096
10574,221091_104.swc,221091,MOp5,Left,Axon_and_dendrite,5036.52,1639.51,3889.86,51,4096
2910,221091_105.swc,221091,MOp2/3,Left,Axon_and_dendrite,5051.08,1538.32,3950.32,51,4096
10631,221093_068.swc,221093,MOp5,Left,Axon_and_dendrite,5605.88,1236.05,4632.36,51,4096
10632,221093_069.swc,221093,MOp5,Left,Axon_and_dendrite,5611.54,1283.71,4717.06,51,4096
10633,221093_070.swc,221093,MOp5,Left,Axon_and_dendrite,5823.38,1161.95,4630.22,51,4096
10639,221093_077.swc,221093,MOp5,Left,Axon_and_dendrite,5799.34,1195.41,4367.42,51,4096
10640,221093_078.swc,221093,MOp5,Left,Axon_and_dendrite,5823.12,1147.26,4439.52,51,4096
10641,221093_079.swc,221093,MOp5,Left,Axon_and_dendrite,5881.86,1418.71,4455.18,51,4096
10646,221093_085.swc,221093,MOp5,Left,Axon_and_dendrite,5969.74,1043.85,4493.04,51,4096
12356,221094_069.swc,221094,MOp6a,Left,Axon_and_dendrite,3641.98,3661.38,3425.14,51,4096
17502,221094_070.swc,221094,MOp6a,Left,Axon_and_dendrite,3683.42,3372.22,3424.14,51,4096
14533,221224_051.swc,221224,MOp5,Right,Axon_and_dendrite,5837.48,1376.87,6866.36,51,4096
12359,221224_052.swc,221224,MOp6a,Right,Axon_and_dendrite,5832.32,1467.74,6845.78,51,4096
14534,221224_053.swc,221224,MOp6a,Right,Axon_and_dendrite,5756.36,1476.56,6792.82,51,4096
14535,221224_054.swc,221224,MOp6a,Right,Axon_and_dendrite,5739.88,1481.07,6723.32,51,4096
14536,221224_055.swc,221224,MOp5,Right,Axon_and_dendrite,5702.04,1333.96,6729.02,51,4096
14537,221224_056.swc,221224,MOp5,Right,Axon_and_dendrite,5613.04,1249.83,6688.44,51,4096
10663,221224_057.swc,221224,MOp5,Right,Axon_and_dendrite,5596.44,1319.93,6685.84,51,4096
14538,221224_062.swc,221224,MOp6a,Right,Axon_and_dendrite,5566.8,1561.74,6867.38,50,4096
14539,221224_063.swc,221224,MOp6a,Right,Axon_and_dendrite,5585.46,1578.66,6861.36,51,4096
14540,221224_064.swc,221224,MOp6a,Right,Axon_and_dendrite,5591.0,1626.91,6929.06,48,4096
14541,221224_065.swc,221224,MOp5,Right,Axon_only,5547.06,1450.17,6989.46,51,4096
14542,221224_066.swc,221224,MOp5,Right,Axon_and_dendrite,5577.32,1545.49,7042.34,51,4096
14543,221224_067.swc,221224,MOp6a,Right,Axon_and_dendrite,5597.14,1671.09,7023.22,51,4096
14544,221224_068.swc,221224,MOp6a,Right,Axon_and_dendrite,5560.04,1698.51,7084.82,51,4096
12360,221224_069.swc,221224,MOp6a,Right,Axon_and_dendrite,5567.16,1777.91,7076.58,51,4096
14545,221224_070.swc,221224,MOp5,Right,Axon_and_dendrite,5472.72,1519.98,6990.64,51,4096
14546,221224_071.swc,221224,MOp6a,Right,Axon_and_dendrite,5477.84,1736.25,6929.5,50,4096
14547,221224_073.swc,221224,MOp5,Right,Axon_and_dendrite,5469.32,1470.03,6878.66,51,4096
10664,221224_076.swc,221224,MOp5,Right,Axon_and_dendrite,5384.24,1322.09,6971.62,51,4096
10665,221224_078.swc,221224,MOp5,Right,Axon_and_dendrite,5435.26,1346.43,6930.64,51,4096
10666,221224_079.swc,221224,MOp5,Right,Axon_and_dendrite,5423.46,1231.48,6876.44,51,4096
10667,221224_080.swc,221224,MOp5,Right,Axon_and_dendrite,5405.5,1261.32,6879.92,50,4096
14548,221224_081.swc,221224,MOp5,Right,Axon_and_dendrite,5552.12,1319.67,7090.76,51,4096
14549,221224_082.swc,221224,MOp5,Right,Axon_and_dendrite,5660.84,1346.76,7060.48,51,4096
14550,221224_083.swc,221224,MOp5,Right,Axon_and_dendrite,5728.26,1456.89,7042.66,51,4096
14551,221224_084.swc,221224,MOp5,Right,Axon_and_dendrite,5743.3,1404.75,6986.12,50,4096
14552,221224_085.swc,221224,MOp5,Right,Axon_and_dendrite,5795.7,1439.64,6977.48,50,4096
14553,221224_088.swc,221224,MOp5,Right,Axon_and_dendrite,5400.76,1443.2,7099.96,50,4096
10686,221225_022.swc,221225,MOp5,Right,Axon_and_dendrite,4000.78,2016.86,7579.44,51,4096
14682,221225_023.swc,221225,MOp5,Right,Axon_and_dendrite,4014.0,2034.4,7543.8,46,4096
14683,221225_024.swc,221225,MOp5,Right,Axon_and_dendrite,4077.7,2030.7,7500.5,48,4096
14684,221225_025.swc,221225,MOp5,Right,Axon_and_dendrite,4194.54,2241.42,7402.84,51,4096
14685,221225_026.swc,221225,MOp5,Right,Axon_and_dendrite,4144.78,2265.9,7398.14,50,4096
14686,221225_027.swc,221225,MOp5,Right,Axon_and_dendrite,4302.0,2256.12,7482.8,47,4096
10687,221225_028.swc,221225,MOp5,Right,Axon_and_dendrite,4243.7,2083.14,7537.42,50,4096
14687,221225_029.swc,221225,MOp5,Right,Axon_and_dendrite,4274.52,2169.94,7577.44,51,4096
10688,221225_030.swc,221225,MOp5,Right,Axon_and_dendrite,4168.78,2112.36,7640.22,51,4096
14688,221225_031.swc,221225,MOp5,Right,Axon_and_dendrite,4158.02,2087.82,7669.0,48,4096
14689,221225_032.swc,221225,MOp5,Right,Axon_and_dendrite,4096.92,2116.9,7671.24,50,4096
14690,221225_033.swc,221225,MOp5,Right,Axon_and_dendrite,4073.06,2061.62,7614.44,51,4096
14691,221225_034.swc,221225,MOp5,Right,Axon_and_dendrite,4127.26,2072.54,7584.8,50,4096
14692,221225_035.swc,221225,MOp5,Right,Axon_and_dendrite,4156.78,2048.36,7491.14,51,4096
14693,221225_036.swc,221225,MOp2/3,Right,Axon_and_dendrite,4098.22,1919.3,7525.86,50,4096
2955,221225_037.swc,221225,MOp2/3,Right,Axon_and_dendrite,4108.92,1886.02,7475.76,51,4096
7318,221225_038.swc,221225,MOp2/3,Right,Axon_and_dendrite,4018.12,1872.42,7555.52,51,4096
14694,221225_039.swc,221225,MOp5,Right,Axon_and_dendrite,3965.24,1934.78,7456.4,50,4096
2956,221225_040.swc,221225,MOp2/3,Right,Axon_and_dendrite,3949.84,1902.4,7436.66,50,4096
14704,221225_054.swc,221225,MOp5,Right,Axon_and_dendrite,4145.0,2060.06,7316.02,48,4096
14705,221225_055.swc,221225,MOp5,Right,Axon_and_dendrite,4086.84,1935.09,7346.72,51,4096
2958,221225_065.swc,221225,MOp2/3,Right,Axon_and_dendrite,4209.6,1915.46,7668.76,50,4096
2959,221225_066.swc,221225,MOp2/3,Right,Axon_and_dendrite,4136.38,1999.49,7673.48,51,4096
14710,221225_067.swc,221225,MOp5,Right,Axon_and_dendrite,4102.7,2103.3,7762.9,48,4096
14711,221225_068.swc,221225,MOp5,Right,Axon_and_dendrite,4041.4,2163.78,7766.96,50,4096
14712,221225_069.swc,221225,MOp5,Right,Axon_and_dendrite,4141.04,2162.04,7838.0,48,4096
14713,221225_070.swc,221225,MOp5,Right,Axon_and_dendrite,4136.64,2381.7,7881.2,49,4096
10695,221225_071.swc,221225,MOp5,Right,Axon_and_dendrite,3965.14,2373.44,7886.44,51,4096
10696,221225_072.swc,221225,MOp5,Right,Axon_and_dendrite,3970.24,2460.24,7914.54,51,4096
14720,221225_081.swc,221225,MOp5,Right,Axon_and_dendrite,3866.32,2078.98,7639.44,51,4096
14721,221225_082.swc,221225,MOp5,Right,Axon_and_dendrite,3924.94,2119.14,7649.28,51,4096
14722,221225_083.swc,221225,MOp5,Right,Axon_and_dendrite,3937.94,2107.12,7599.5,50,4096
14723,221225_084.swc,221225,MOp5,Right,Axon_and_dendrite,4011.94,2144.74,7664.5,50,4096
14724,221225_085.swc,221225,MOp5,Right,Axon_and_dendrite,4118.1,2364.66,7538.94,50,4096
14725,221225_086.swc,221225,MOp5,Right,Axon_and_dendrite,3980.78,2441.88,7653.08,51,4096
14726,221225_087.swc,221225,MOp5,Right,Axon_and_dendrite,3651.96,2320.74,7703.62,51,4096
14727,221225_088.swc,221225,MOp5,Right,Axon_and_dendrite,3719.8,2476.44,7733.22,50,4096
10698,221225_089.swc,221225,MOp5,Right,Axon_and_dendrite,3776.74,2316.52,7737.1,50,4096
2961,221225_092.swc,221225,MOp2/3,Right,Axon_and_dendrite,4193.38,1803.95,7310.08,51,4096
14729,221225_093.swc,221225,MOp5,Right,Axon_and_dendrite,4164.8,1905.34,7386.3,49,4096
2969,221227_237.swc,221227,MOp2/3,Right,Axon_and_dendrite,3408.2,2504.26,8077.64,50,4096
10723,221227_238.swc,221227,MOp5,Right,Axon_and_dendrite,3486.58,2555.12,7997.16,51,4096
10724,221227_239.swc,221227,MOp5,Right,Axon_and_dendrite,3455.22,2580.36,7954.36,51,4096
10725,221227_240.swc,221227,MOp5,Right,Axon_and_dendrite,3422.12,2476.8,7979.84,50,4096
14942,221227_241.swc,221227,MOp5,Right,Axon_and_dendrite,3614.64,2548.1,7960.72,50,4096
10726,221227_242.swc,221227,MOp5,Right,Axon_and_dendrite,3617.84,2471.9,8116.34,50,4096
14943,221227_243.swc,221227,MOp5,Right,Axon_and_dendrite,3717.94,2605.34,8083.32,51,4096
14944,221227_244.swc,221227,MOp5,Right,Axon_and_dendrite,3723.26,2673.5,8106.2,49,4096
14945,221227_245.swc,221227,MOp5,Right,Axon_and_dendrite,3818.36,2766.4,7974.04,50,4096
14946,221227_246.swc,221227,MOp6a,Right,Axon_and_dendrite,3746.44,2831.42,7891.58,51,4096
14947,221227_247.swc,221227,MOp5,Right,Axon_and_dendrite,3658.76,2732.1,7994.58,50,4096
14948,221227_248.swc,221227,MOp5,Right,Axon_and_dendrite,3606.78,2665.2,8086.54,50,4096
14949,221227_250.swc,221227,MOp5,Right,Axon_and_dendrite,3486.36,2705.16,8067.32,51,4096
14950,221227_251.swc,221227,MOp5,Right,Axon_and_dendrite,3415.44,2636.6,8022.56,50,4096
14954,221227_256.swc,221227,MOp6a,Right,Axon_and_dendrite,3745.0,2780.28,7633.14,48,4096
10732,221227_277.swc,221227,MOp5,Right,Axon_and_dendrite,3311.48,2801.28,8130.28,51,4096
10733,221227_279.swc,221227,MOp5,Right,Axon_and_dendrite,3276.18,2703.74,8141.72,51,4096
14967,221227_281.swc,221227,MOp5,Right,Axon_and_dendrite,3494.24,2743.06,8154.68,51,4096
14968,221227_283.swc,221227,MOp5,Right,Axon_and_dendrite,3522.46,2748.96,8271.9,50,4096
10734,221227_284.swc,221227,MOp5,Right,Axon_and_dendrite,3579.0,2685.98,8260.84,48,4096
10735,221227_285.swc,221227,MOp5,Right,Axon_and_dendrite,3538.3,2713.66,8307.64,50,4096
10736,221227_287.swc,221227,MOp5,Right,Axon_and_dendrite,3485.5,2739.6,8332.06,49,4096
10737,221227_288.swc,221227,MOp5,Right,Axon_and_dendrite,3604.76,2693.34,8375.92,51,4096
10738,221227_290.swc,221227,MOp5,Right,Axon_and_dendrite,3634.32,2799.92,8362.98,51,4096
14969,221227_291.swc,221227,MOp5,Right,Axon_and_dendrite,3623.46,2869.68,8310.5,50,4096
14970,221227_292.swc,221227,MOp5,Right,Axon_and_dendrite,3782.68,2898.0,8373.34,48,4096
10739,221227_293.swc,221227,MOp5,Right,Axon_and_dendrite,3808.94,2751.74,8206.84,51,4096
14971,221227_294.swc,221227,MOp5,Right,Axon_and_dendrite,3939.04,2879.54,8244.74,51,4096
14972,221227_296.swc,221227,MOp5,Right,Axon_and_dendrite,3533.96,2944.82,8244.76,51,4096
14973,221227_297.swc,221227,MOp5,Right,Axon_and_dendrite,3404.7,2923.44,8268.16,50,4096
14974,221227_299.swc,221227,MOp5,Right,Axon_and_dendrite,3272.84,2797.58,8180.18,51,4096
10740,221227_300.swc,221227,MOp5,Right,Axon_and_dendrite,3225.84,2794.78,8176.1,50,4096
10741,221227_303.swc,221227,MOp5,Right,Axon_and_dendrite,3295.76,2990.42,8422.84,51,4096
14975,221227_306.swc,221227,MOp5,Right,Axon_and_dendrite,3295.72,3095.98,8276.48,51,4096
14976,221227_308.swc,221227,MOp5,Right,Axon_and_dendrite,3511.18,3001.68,8370.34,51,4096
10742,221227_311.swc,221227,MOp5,Right,Axon_and_dendrite,3419.54,2985.92,8494.34,51,4096
10743,221227_312.swc,221227,MOp5,Right,Axon_and_dendrite,3486.54,3031.38,8496.44,51,4096
14977,221227_313.swc,221227,MOp5,Right,Axon_and_dendrite,3570.78,3146.3,8365.44,50,4096
14978,221227_314.swc,221227,MOp5,Right,Axon_and_dendrite,3717.82,3167.0,8431.92,48,4096
14979,221227_315.swc,221227,MOp5,Right,Axon_and_dendrite,3676.36,3051.32,8541.62,51,4096
10744,221227_316.swc,221227,MOp5,Right,Axon_and_dendrite,3607.78,3049.86,8557.24,51,4096
14980,221227_317.swc,221227,MOp5,Right,Axon_and_dendrite,3683.26,3267.54,8549.32,51,4096
14981,221227_319.swc,221227,MOp5,Right,Axon_and_dendrite,3506.4,3298.26,8439.86,50,4096
14982,221227_321.swc,221227,MOp5,Right,Axon_and_dendrite,3486.44,3317.58,8371.6,50,4096
10745,221227_322.swc,221227,MOp5,Right,Axon_and_dendrite,3394.98,3290.4,8492.08,50,4096
10746,221227_323.swc,221227,MOp5,Right,Axon_and_dendrite,3362.78,3283.36,8495.06,51,4096
10747,221227_326.swc,221227,MOp5,Right,Axon_and_dendrite,3378.06,3172.34,8418.48,51,4096
10748,221227_327.swc,221227,MOp5,Right,Axon_and_dendrite,3381.22,3158.24,8455.42,51,4096
10749,221227_329.swc,221227,MOp5,Right,Axon_and_dendrite,3283.8,3244.74,8465.32,50,4096
14983,221227_330.swc,221227,MOp5,Right,Axon_and_dendrite,3317.54,3242.7,8387.76,50,4096
10750,221227_331.swc,221227,MOp5,Right,Axon_and_dendrite,3318.54,3202.28,8399.1,50,4096
14984,221227_334.swc,221227,MOp5,Right,Axon_and_dendrite,3324.6,3333.1,8273.04,49,4096
14985,221227_337.swc,221227,MOp5,Right,Axon_and_dendrite,3451.34,3561.54,8319.64,51,4096
14986,221227_338.swc,221227,MOp5,Right,Axon_and_dendrite,3319.24,3541.38,8213.24,51,4096
14987,221227_339.swc,221227,MOp5,Right,Axon_and_dendrite,3272.64,3696.68,8141.7,50,4096
10753,221227_352.swc,221227,MOp5,Right,Axon_and_dendrite,3386.32,3551.66,8471.54,51,4096
17509,221227_354.swc,221227,MOp6a,Right,Axon_and_dendrite,3850.06,3016.58,8151.72,51,4096
15014,221242_133.swc,221242,MOp2/3,Left,Axon_and_dendrite,4325.42,2183.2,3011.36,50,4096
15015,221242_136.swc,221242,MOp2/3,Left,Axon_and_dendrite,4157.72,2473.06,2852.86,51,4096
2999,221242_148.swc,221242,MOp2/3,Left,Axon_and_dendrite,4334.12,2101.92,3226.5,50,4096
17511,221299_002.swc,221299,MOp6a,Right,Axon_and_dendrite,5717.44,1620.31,6952.38,51,4096
17512,221299_003.swc,221299,MOp6a,Right,Axon_and_dendrite,5795.34,1750.55,6922.68,51,4096
17513,221299_004.swc,221299,MOp6a,Right,Axon_and_dendrite,5734.06,1642.87,6840.64,51,4096
17514,221299_006.swc,221299,MOp6a,Right,Axon_and_dendrite,6016.88,1636.14,6928.26,51,4096
17515,221299_007.swc,221299,MOp6a,Right,Axon_and_dendrite,5984.5,1700.14,6993.4,49,4096
17516,221299_008.swc,221299,MOp6a,Right,Axon_and_dendrite,5878.34,1556.62,6778.42,51,4096
17517,221299_010.swc,221299,MOp6a,Right,Axon_and_dendrite,5836.26,1655.24,6935.6,50,4096
17530,221299_026.swc,221299,MOp6a,Right,Axon_and_dendrite,4681.46,2515.14,8017.96,51,4096
17531,221299_027.swc,221299,MOp6a,Right,Axon_and_dendrite,4593.9,2552.48,8082.44,50,4096
17551,221299_053.swc,221299,MOp6a,Right,Axon_and_dendrite,4845.48,2386.18,7788.1,50,4096
17552,221299_054.swc,221299,MOp6a,Right,Axon_and_dendrite,4934.62,2442.84,7768.92,51,4096
17554,221299_057.swc,221299,MOp6a,Right,Axon_and_dendrite,5693.92,1925.76,7136.16,51,4096
17559,221299_062.swc,221299,MOp6a,Right,Axon_and_dendrite,5616.86,1810.18,7068.94,51,4096
17569,221299_075.swc,221299,MOp6a,Right,Axon_and_dendrite,5666.02,1772.93,7033.9,50,4096
17573,221299_079.swc,221299,MOp6a,Right,Axon_and_dendrite,5689.18,1803.42,7171.54,51,4096
17574,221299_081.swc,221299,MOp6a,Right,Axon_and_dendrite,4638.56,2422.22,7908.36,51,4096
17577,221299_084.swc,221299,MOp6a,Right,Axon_and_dendrite,6091.9,1741.79,6938.04,50,4096
17579,221299_086.swc,221299,MOp6a,Right,Axon_and_dendrite,5778.28,1699.55,6905.82,51,4096
3224,221366_004.swc,221366,MOp2/3,Right,Axon_and_dendrite,3610.2,2599.92,8649.72,50,4096
3288,221418_006.swc,221418,MOp2/3,Right,Axon_and_dendrite,5027.42,1665.07,7663.42,51,4096
3289,221418_007.swc,221418,MOp2/3,Right,Axon_and_dendrite,5089.92,1647.45,7654.66,51,4096
3290,221418_010.swc,221418,MOp2/3,Right,Axon_and_dendrite,5449.54,1297.93,7218.78,51,4096
10839,221418_011.swc,221418,MOp5,Right,Axon_and_dendrite,5514.9,1485.01,7173.9,49,4096
3291,221418_012.swc,221418,MOp2/3,Right,Axon_and_dendrite,5508.0,1267.78,7239.82,48,4096
3292,221418_013.swc,221418,MOp2/3,Right,Axon_and_dendrite,5583.4,1232.78,7249.2,49,4096
10842,221418_028.swc,221418,MOp5,Right,Axon_and_dendrite,5034.12,1497.51,7213.58,51,4096
3293,221418_029.swc,221418,MOp2/3,Right,Axon_and_dendrite,5095.1,1376.82,7280.78,50,4096
3294,221418_030.swc,221418,MOp2/3,Right,Axon_and_dendrite,5017.24,1546.02,7499.48,51,4096
3295,221418_031.swc,221418,MOp2/3,Right,Axon_and_dendrite,5028.48,1524.1,7374.92,50,4096
10843,221418_032.swc,221418,MOp5,Right,Axon_and_dendrite,5350.96,1309.21,7028.14,51,4096
3296,221418_033.swc,221418,MOp2/3,Right,Axon_and_dendrite,5348.34,1324.22,7269.02,51,4096
3297,221418_124.swc,221418,MOp2/3,Right,Axon_and_dendrite,5392.1,1240.0,7091.48,47,4096
10890,221420_133.swc,221420,MOp5,Right,Axon_and_dendrite,3515.5,2680.82,8108.92,50,4096
10891,221421_009.swc,221421,MOp5,Right,Axon_and_dendrite,3377.02,3458.88,8387.94,51,4096
10892,221421_010.swc,221421,MOp5,Right,Axon_and_dendrite,3299.86,3332.44,8497.42,51,4096
10893,221421_011.swc,221421,MOp5,Right,Axon_and_dendrite,3112.26,3646.54,8423.18,51,4096
10894,221421_012.swc,221421,MOp5,Right,Axon_and_dendrite,3154.58,3694.68,8449.36,51,4096
10895,221421_013.swc,221421,MOp5,Right,Axon_and_dendrite,3177.86,3777.66,8537.22,51,4096
15168,221422_095.swc,221422,MOp5,Left,Axon_and_dendrite,5914.2,999.724,4641.04,50,4096
15194,221423_123.swc,221423,MOp5,Left,Axon_and_dendrite,6012.12,1125.95,4731.56,51,4096
12389,221423_124.swc,221423,MOp6a,Left,Axon_and_dendrite,6307.26,1164.18,4744.68,51,4096
3363,221428_366.swc,221428,MOp1,Right,Axon_and_dendrite,5674.94,700.26,6566.14,50,4096
12395,221471_003.swc,221471,MOp6a,Right,Axon_and_dendrite,6231.4,1295.54,6746.6,49,4096
11111,221472_003.swc,221472,MOp5,Left,Axon_and_dendrite,4454.44,1802.64,4047.04,51,4096
11112,221472_005.swc,221472,MOp5,Left,Axon_and_dendrite,4469.56,1804.46,4187.04,51,4096
3446,221472_010.swc,221472,MOp2/3,Left,Axon_and_dendrite,4169.28,1779.67,4104.72,51,4096
11113,221472_011.swc,221472,MOp5,Left,Axon_and_dendrite,4124.12,1854.74,4079.92,51,4096
11114,221472_012.swc,221472,MOp5,Left,Axon_and_dendrite,4176.36,1932.01,4042.7,50,4096
11115,221472_013.swc,221472,MOp5,Left,Axon_and_dendrite,4070.08,2021.1,4022.54,50,4096
11116,221472_014.swc,221472,MOp5,Left,Axon_and_dendrite,4017.08,2069.0,3921.84,48,4096
11117,221472_015.swc,221472,MOp5,Left,Axon_and_dendrite,4023.38,1937.35,3945.22,51,4096
3468,221477_011.swc,221477,MOp2/3,Right,Axon_and_dendrite,4010.6,2883.26,8736.18,50,4096
3469,221477_012.swc,221477,MOp2/3,Right,Axon_and_dendrite,3935.88,2960.94,8740.14,51,4096
3470,221477_013.swc,221477,MOp2/3,Right,Axon_and_dendrite,3877.86,2966.04,8745.98,51,4096
7569,221477_016.swc,221477,MOp2/3,Right,Axon_and_dendrite,3836.38,3109.5,8905.44,50,4096
11199,221477_019.swc,221477,MOp5,Right,Axon_and_dendrite,3784.16,3304.98,8787.28,51,4096
15324,221477_021.swc,221477,MOp5,Right,Axon_and_dendrite,3867.02,3447.54,8815.56,51,4096
15325,221477_022.swc,221477,MOp5,Right,Axon_and_dendrite,3807.2,3579.12,8801.34,50,4096
15326,221477_023.swc,221477,MOp5,Right,Axon_and_dendrite,3864.18,3754.9,8798.22,50,4096
3484,221477_050.swc,221477,MOp2/3,Right,Axon_and_dendrite,5044.14,1258.06,7286.32,51,4096
15329,221477_051.swc,221477,MOp5,Right,Axon_and_dendrite,5394.5,1691.78,7304.08,50,4096
3485,221477_053.swc,221477,MOp2/3,Right,Axon_and_dendrite,5313.02,1135.61,7117.22,51,4096
3489,221478_002.swc,221478,MOp2/3,Right,Axon_and_dendrite,3716.48,3347.54,8890.2,50,4096
7579,221478_003.swc,221478,MOp2/3,Right,Axon_and_dendrite,3773.32,3305.18,8916.54,51,4096
3490,221478_004.swc,221478,MOp2/3,Right,Axon_and_dendrite,3701.28,3166.78,8895.58,51,4096
3491,221478_006.swc,221478,MOp2/3,Right,Axon_and_dendrite,3646.72,2960.46,8756.5,50,4096
3492,221478_007.swc,221478,MOp2/3,Right,Axon_and_dendrite,3712.22,2865.22,8794.56,51,4096
3493,221478_008.swc,221478,MOp2/3,Right,Axon_and_dendrite,3765.54,2820.48,8809.96,51,4096
3494,221478_012.swc,221478,MOp2/3,Right,Axon_and_dendrite,3862.7,3013.28,8882.04,50,4096
3496,221478_020.swc,221478,MOp2/3,Right,Axon_and_dendrite,3664.56,3661.72,8911.4,50,4096
3497,221478_021.swc,221478,MOp2/3,Right,Axon_and_dendrite,3724.92,3738.2,8924.78,50,4096
3498,221478_022.swc,221478,MOp2/3,Right,Axon_and_dendrite,3773.62,3681.86,8998.06,51,4096
3499,221478_051.swc,221478,MOp2/3,Right,Axon_and_dendrite,3915.42,2746.28,8697.12,51,4096
7583,221478_052.swc,221478,MOp2/3,Right,Axon_and_dendrite,3978.6,2757.4,8747.68,49,4096
3500,221478_053.swc,221478,MOp2/3,Right,Axon_and_dendrite,4008.36,2636.92,8782.98,51,4096
3505,221478_086.swc,221478,MOp2/3,Right,Axon_and_dendrite,3977.4,2314.22,8595.78,50,4096
3519,221479_002.swc,221479,MOp2/3,Right,Axon_and_dendrite,3209.46,3131.04,8588.08,51,4096
3520,221479_003.swc,221479,MOp2/3,Right,Axon_and_dendrite,3235.24,3170.96,8621.44,51,4096
3521,221479_004.swc,221479,MOp2/3,Right,Axon_and_dendrite,3367.32,3056.24,8577.12,51,4096
3522,221479_006.swc,221479,MOp2/3,Right,Axon_and_dendrite,3443.38,2894.48,8632.02,51,4096
3523,221479_007.swc,221479,MOp2/3,Right,Axon_and_dendrite,3500.04,2990.42,8636.52,51,4096
7642,221479_009.swc,221479,MOp2/3,Right,Axon_and_dendrite,3603.32,2924.98,8669.66,51,4096
3524,221479_010.swc,221479,MOp2/3,Right,Axon_and_dendrite,3622.08,2860.72,8623.48,51,4096
3525,221479_011.swc,221479,MOp2/3,Right,Axon_and_dendrite,3747.76,2810.7,8672.06,50,4096
3526,221479_012.swc,221479,MOp2/3,Right,Axon_and_dendrite,3636.08,2800.78,8594.46,51,4096
11224,221479_013.swc,221479,MOp5,Right,Axon_and_dendrite,3682.92,2809.98,8486.04,51,4096
3527,221479_014.swc,221479,MOp2/3,Right,Axon_and_dendrite,3709.98,2703.38,8490.6,50,4096
3528,221479_018.swc,221479,MOp2/3,Right,Axon_and_dendrite,4045.08,2648.18,8597.82,51,4096
3537,221479_155.swc,221479,MOp2/3,Right,Axon_and_dendrite,3797.12,2572.86,8506.46,51,4096
3538,221479_157.swc,221479,MOp2/3,Right,Axon_and_dendrite,3765.76,2630.88,8459.82,51,4096
3551,221480_001.swc,221480,MOp2/3,Right,Axon_and_dendrite,4222.36,2290.12,8522.78,51,4096
3553,221480_025.swc,221480,MOp2/3,Right,Axon_and_dendrite,3405.84,3669.48,8756.38,51,4096
3554,221480_026.swc,221480,MOp2/3,Right,Axon_and_dendrite,3301.02,3718.92,8657.02,51,4096
3555,221480_039.swc,221480,MOp2/3,Right,Axon_and_dendrite,3325.56,2593.26,8149.58,51,4096
7672,221480_040.swc,221480,MOp2/3,Right,Axon_and_dendrite,3475.62,2528.2,8286.06,50,4096
3556,221480_041.swc,221480,MOp2/3,Right,Axon_and_dendrite,3588.1,2451.44,8279.82,50,4096
3557,221480_042.swc,221480,MOp2/3,Right,Axon_and_dendrite,3601.4,2297.36,8270.76,50,4096
11240,221480_044.swc,221480,MOp5,Right,Axon_and_dendrite,3599.16,2676.26,8243.36,51,4096
11241,221480_045.swc,221480,MOp5,Right,Axon_and_dendrite,4052.3,2519.98,8390.94,50,4096
3559,221480_061.swc,221480,MOp2/3,Left,Axon_and_dendrite,4771.22,1605.71,3788.88,51,4096
15339,221480_110.swc,221480,MOp5,Right,Axon_and_dendrite,3832.68,3457.7,8900.48,50,4096
11245,221480_111.swc,221480,MOp5,Right,Axon_and_dendrite,3781.96,3695.38,8804.08,51,4096
3567,221481_001.swc,221481,MOp2/3,Right,Axon_and_dendrite,5490.88,1088.44,6861.38,51,4096
3568,221481_008.swc,221481,MOp2/3,Right,Axon_and_dendrite,5241.9,1265.47,7059.96,50,4096
3569,221481_010.swc,221481,MOp2/3,Right,Axon_and_dendrite,5219.38,1316.14,7219.52,51,4096
3570,221481_013.swc,221481,MOp2/3,Right,Axon_and_dendrite,5194.28,1399.17,7339.94,51,4096
3574,221481_033.swc,221481,MOp2/3,Right,Axon_and_dendrite,5065.72,1713.87,7756.84,51,4096
3575,221481_034.swc,221481,MOp2/3,Right,Axon_and_dendrite,5100.36,1346.84,7655.84,51,4096
3576,221481_035.swc,221481,MOp2/3,Right,Axon_and_dendrite,5105.12,1281.6,7655.62,50,4096
3577,221481_036.swc,221481,MOp2/3,Right,Axon_and_dendrite,5298.32,1488.75,7504.58,51,4096
3578,221481_037.swc,221481,MOp2/3,Right,Axon_and_dendrite,5058.42,1419.3,7422.02,50,4096
3579,221481_038.swc,221481,MOp2/3,Right,Axon_and_dendrite,5168.5,1550.49,7536.0,47,4096
3585,221481_063.swc,221481,MOp2/3,Right,Axon_and_dendrite,5859.2,1061.21,7012.6,49,4096
3586,221481_064.swc,221481,MOp2/3,Right,Axon_and_dendrite,5608.46,1247.11,7162.44,51,4096
11247,221481_068.swc,221481,MOp5,Right,Axon_and_dendrite,5674.14,1273.42,6958.82,51,4096
7701,221481_069.swc,221481,MOp2/3,Right,Axon_and_dendrite,5632.06,1058.67,7012.5,50,4096
3587,221481_074.swc,221481,MOp2/3,Right,Axon_and_dendrite,5353.04,1186.64,7139.8,50,4096
3588,221481_075.swc,221481,MOp2/3,Right,Axon_and_dendrite,5486.96,1069.18,7196.32,51,4096
3589,221481_079.swc,221481,MOp2/3,Right,Axon_and_dendrite,5059.22,1217.45,7149.5,50,4096
3590,221481_080.swc,221481,MOp2/3,Right,Axon_and_dendrite,5062.48,1322.02,7186.92,51,4096
3591,221481_082.swc,221481,MOp2/3,Right,Axon_and_dendrite,5032.48,1256.07,7262.7,50,4096
3629,221481_376.swc,221481,MOp2/3,Left,Axon_and_dendrite,5956.96,904.98,4563.14,50,4096
3718,221510_021.swc,221510,MOp2/3,Right,Axon_and_dendrite,2970.3,3124.34,8675.54,50,4096
3719,221510_022.swc,221510,MOp2/3,Right,Axon_and_dendrite,3021.74,2981.06,8529.72,51,4096
3720,221510_023.swc,221510,MOp1,Right,Axon_and_dendrite,2968.22,2847.8,8562.76,50,4096
3721,221510_024.swc,221510,MOp1,Right,Axon_and_dendrite,3030.32,2953.74,8675.6,50,4096
3722,221510_025.swc,221510,MOp2/3,Right,Axon_and_dendrite,3120.96,2758.68,8587.06,51,4096
15368,221512_003.swc,221512,MOp5,Right,Axon_and_dendrite,4415.68,2315.9,8332.32,50,4096
15376,221512_030.swc,221512,MOp5,Right,Axon_and_dendrite,4073.78,2824.4,8575.66,50,4096
3738,221512_031.swc,221512,MOp2/3,Right,Axon_and_dendrite,3973.48,2756.72,8621.98,51,4096
15377,221512_032.swc,221512,MOp5,Right,Axon_and_dendrite,4024.6,2908.92,8444.38,50,4096
15378,221512_033.swc,221512,MOp5,Right,Axon_and_dendrite,3875.34,3014.02,8571.2,50,4096
3739,221512_034.swc,221512,MOp2/3,Right,Axon_and_dendrite,3916.72,2977.72,8816.62,51,4096
17626,221513_010.swc,221513,MOp6a,Left,Axon_and_dendrite,5385.26,2248.86,4149.38,51,4096
17627,221513_011.swc,221513,MOp6a,Left,Axon_and_dendrite,5309.68,2201.4,4136.24,50,4096
17628,221513_012.swc,221513,MOp6b,Left,Axon_and_dendrite,5339.2,2253.8,4221.96,49,4096
12405,221513_013.swc,221513,MOp6a,Left,Axon_and_dendrite,5138.48,2409.34,3934.96,51,4096
17629,221513_014.swc,221513,MOp6a,Left,Axon_and_dendrite,5075.54,2539.06,3653.3,50,4096
17630,221513_015.swc,221513,MOp6a,Left,Axon_and_dendrite,5086.76,2475.8,3709.96,50,4096
17634,221513_019.swc,221513,MOp6a,Left,Axon_and_dendrite,5224.26,2364.24,3781.38,51,4096
17635,221513_021.swc,221513,MOp6a,Left,Axon_and_dendrite,4800.96,2311.88,3876.46,51,4096
17636,221513_022.swc,221513,MOp6a,Left,Axon_and_dendrite,4852.2,2510.98,3979.84,50,4096
17637,221513_023.swc,221513,MOp6a,Left,Axon_and_dendrite,4775.8,2430.74,3960.72,50,4096
17645,221513_034.swc,221513,MOp6a,Left,Axon_and_dendrite,4795.94,2371.3,4190.88,50,4096
17646,221513_035.swc,221513,MOp6a,Left,Axon_and_dendrite,4865.8,2293.6,4081.14,49,4096
17647,221513_037.swc,221513,MOp6a,Left,Axon_and_dendrite,4681.84,2613.74,3691.48,51,4096
17648,221513_038.swc,221513,MOp6a,Left,Axon_and_dendrite,5109.24,2159.1,4263.82,50,4096
17649,221513_039.swc,221513,MOp6a,Left,Axon_and_dendrite,5179.82,2167.12,4269.48,51,4096
17691,221514_014.swc,221514,MOp6a,Right,Axon_and_dendrite,5837.1,1684.1,7073.2,48,4096
17693,221514_022.swc,221514,MOp6a,Right,Axon_and_dendrite,5536.48,1875.93,6957.12,51,4096
17694,221514_023.swc,221514,MOp6a,Right,Axon_and_dendrite,5505.84,1886.58,7009.78,51,4096
17695,221514_024.swc,221514,MOp6a,Right,Axon_and_dendrite,5276.24,1999.56,7029.98,51,4096
17696,221514_025.swc,221514,MOp6a,Right,Axon_and_dendrite,5718.24,1829.12,6968.96,51,4096
17697,221515_003.swc,221515,MOp6a,Right,Axon_and_dendrite,4614.24,2507.1,7589.18,50,4096
17698,221515_004.swc,221515,MOp6a,Right,Axon_and_dendrite,4635.82,2428.66,7697.76,51,4096
17699,221515_007.swc,221515,MOp6a,Right,Axon_and_dendrite,4518.36,2505.84,7849.36,51,4096
17700,221515_008.swc,221515,MOp6a,Right,Axon_and_dendrite,4429.38,2746.22,7951.92,51,4096
3760,221518_038.swc,221518,MOp2/3,Left,Axon_and_dendrite,4166.68,1895.94,3133.48,51,4096
3761,221518_039.swc,221518,MOp2/3,Left,Axon_and_dendrite,4177.86,1943.91,2967.56,51,4096
3763,221518_046.swc,221518,MOp1,Left,Axon_and_dendrite,4420.44,1592.04,3292.62,51,4096
3764,221518_047.swc,221518,MOp1,Left,Axon_and_dendrite,4324.46,1617.04,3334.38,51,4096
7818,221518_048.swc,221518,MOp2/3,Left,Axon_and_dendrite,4400.64,1846.26,3134.68,51,4096
3765,221518_049.swc,221518,MOp1,Left,Axon_and_dendrite,4239.36,1736.67,3073.72,51,4096
3766,221518_050.swc,221518,MOp2/3,Left,Axon_and_dendrite,4294.56,1786.14,3171.1,50,4096
3767,221518_051.swc,221518,MOp2/3,Left,Axon_and_dendrite,4331.8,1813.54,3074.38,50,4096
3870,221520_001.swc,221520,MOp2/3,Left,Axon_and_dendrite,3428.26,2413.12,3095.6,50,4096
3871,221520_002.swc,221520,MOp2/3,Left,Axon_and_dendrite,3443.96,2335.22,3150.16,51,4096
3872,221520_003.swc,221520,MOp2/3,Left,Axon_and_dendrite,3260.18,3019.68,2719.5,50,4096
3873,221520_004.swc,221520,MOp2/3,Left,Axon_and_dendrite,3258.38,3086.36,2759.22,51,4096
3874,221520_005.swc,221520,MOp2/3,Left,Axon_and_dendrite,3155.16,2973.14,2804.22,51,4096
3875,221520_006.swc,221520,MOp2/3,Left,Axon_and_dendrite,3507.3,2907.9,2643.34,49,4096
3876,221520_007.swc,221520,MOp2/3,Left,Axon_and_dendrite,3457.76,3024.12,2557.84,51,4096
3877,221520_008.swc,221520,MOp2/3,Left,Axon_and_dendrite,3271.04,3134.56,2555.68,51,4096
3878,221520_009.swc,221520,MOp2/3,Left,Axon_and_dendrite,3210.66,3167.96,2575.42,51,4096
3879,221520_010.swc,221520,MOp2/3,Left,Axon_and_dendrite,3264.2,2804.62,2867.64,50,4096
3880,221520_011.swc,221520,MOp2/3,Left,Axon_and_dendrite,3095.42,2748.58,3012.96,51,4096
3881,221520_012.swc,221520,MOp2/3,Left,Axon_and_dendrite,3133.46,2607.6,2910.96,50,4096
3882,221520_013.swc,221520,MOp2/3,Left,Axon_and_dendrite,2996.86,2676.94,2979.86,51,4096
3884,221520_015.swc,221520,MOp2/3,Left,Axon_and_dendrite,3532.98,2151.52,3242.54,51,4096
3885,221520_016.swc,221520,MOp2/3,Left,Axon_and_dendrite,3633.88,2136.68,3224.08,51,4096
3886,221520_017.swc,221520,MOp2/3,Left,Axon_and_dendrite,3775.64,2084.58,3147.64,51,4096
3887,221520_018.swc,221520,MOp2/3,Left,Axon_and_dendrite,3875.28,2044.76,3257.52,51,4096
3888,221520_019.swc,221520,MOp2/3,Left,Axon_and_dendrite,3847.92,2169.64,3192.82,51,4096
3889,221520_020.swc,221520,MOp2/3,Left,Axon_and_dendrite,4124.62,1959.04,3367.48,51,4096
3890,221520_021.swc,221520,MOp2/3,Left,Axon_and_dendrite,4186.34,2061.46,3234.66,51,4096
3922,221520_055.swc,221520,MOp2/3,Left,Axon_and_dendrite,4301.86,1902.38,3253.12,51,4096
3925,221520_058.swc,221520,MOp2/3,Left,Axon_and_dendrite,3587.92,3356.34,2223.16,51,4096
15429,221528_001.swc,221528,MOp5,Right,Axon_and_dendrite,4040.0,2807.28,8566.8,47,4096
15430,221528_003.swc,221528,MOp5,Right,Axon_and_dendrite,4065.9,2701.3,8485.82,49,4096
15431,221528_004.swc,221528,MOp5,Right,Axon_and_dendrite,4135.46,2663.66,8423.46,51,4096
15432,221528_005.swc,221528,MOp5,Right,Axon_and_dendrite,4156.74,2605.26,8394.44,51,4096
15433,221528_006.swc,221528,MOp5,Right,Axon_and_dendrite,4199.86,2587.12,8304.02,51,4096
11316,221528_008.swc,221528,MOp5,Right,Axon_and_dendrite,4244.42,2479.08,8132.56,51,4096
11317,221528_009.swc,221528,MOp5,Right,Axon_and_dendrite,4070.76,2469.34,8033.56,51,4096
15434,221528_010.swc,221528,MOp5,Right,Axon_and_dendrite,4034.02,2462.22,8015.62,51,4096
15435,221528_011.swc,221528,MOp5,Right,Axon_and_dendrite,4058.1,2698.96,8124.54,50,4096
15436,221528_013.swc,221528,MOp5,Right,Axon_and_dendrite,4019.2,2625.56,8375.42,50,4096
15442,221528_020.swc,221528,MOp5,Left,Axon_and_dendrite,5312.06,1510.12,4474.78,51,4096
15443,221528_021.swc,221528,MOp5,Left,Axon_and_dendrite,5283.76,1655.84,4374.88,51,4096
15444,221528_022.swc,221528,MOp6a,Left,Axon_and_dendrite,5422.2,1710.52,4292.0,47,4096
15445,221528_024.swc,221528,MOp5,Left,Axon_and_dendrite,5505.28,1649.57,4243.7,50,4096
12415,221528_025.swc,221528,MOp6a,Left,Axon_and_dendrite,5580.26,1807.95,4200.56,51,4096
15446,221528_026.swc,221528,MOp5,Left,Axon_and_dendrite,5691.36,1509.28,4330.32,51,4096
15447,221528_027.swc,221528,MOp5,Left,Axon_and_dendrite,5429.0,1598.37,4307.08,48,4096
11318,221528_028.swc,221528,MOp5,Left,Axon_and_dendrite,5299.84,1383.99,4413.72,51,4096
15448,221528_029.swc,221528,MOp5,Left,Axon_and_dendrite,5442.46,1495.77,4501.34,51,4096
12416,221528_030.swc,221528,MOp6a,Left,Axon_and_dendrite,5575.48,1636.12,4317.2,50,4096
15450,221528_033.swc,221528,MOp5,Left,Axon_and_dendrite,5313.2,1592.75,4193.24,50,4096
15451,221528_034.swc,221528,MOp5,Left,Axon_and_dendrite,5237.58,1651.03,4208.52,51,4096
15452,221528_035.swc,221528,MOp5,Left,Axon_and_dendrite,5265.94,1694.07,4248.64,51,4096
15454,221528_037.swc,221528,MOp5,Left,Axon_and_dendrite,5226.44,1697.03,3775.32,51,4096
15456,221528_039.swc,221528,MOp5,Left,Axon_and_dendrite,5276.66,1647.02,3862.4,50,4096
15458,221528_043.swc,221528,MOp6a,Left,Axon_and_dendrite,5212.68,1872.41,4269.98,51,4096
15537,221539_066.swc,221539,MOp6a,Right,Axon_and_dendrite,5304.46,2063.52,7203.68,51,4096
4186,221588_107.swc,221588,MOp2/3,Right,Axon_and_dendrite,5324.16,926.44,6572.94,50,4096
4187,221588_108.swc,221588,MOp2/3,Right,Axon_and_dendrite,5419.46,904.274,6682.74,51,4096
4188,221588_109.swc,221588,MOp2/3,Right,Axon_and_dendrite,5507.42,890.478,6615.98,51,4096
4189,221588_110.swc,221588,MOp2/3,Right,Axon_and_dendrite,5495.06,855.452,6550.9,50,4096
4199,221588_123.swc,221588,MOp2/3,Right,Axon_and_dendrite,5812.28,831.9,6473.42,49,4096
4200,221588_124.swc,221588,MOp2/3,Right,Axon_and_dendrite,5864.86,860.48,6493.02,50,4096
4201,221588_125.swc,221588,MOp2/3,Right,Axon_and_dendrite,5804.48,715.59,6442.04,50,4096
4203,221588_128.swc,221588,MOp2/3,Right,Axon_and_dendrite,5953.32,781.868,6472.72,51,4096
4204,221588_129.swc,221588,MOp2/3,Right,Axon_and_dendrite,6018.76,745.606,6483.56,51,4096
4205,221588_130.swc,221588,MOp2/3,Right,Axon_and_dendrite,5956.98,726.992,6547.38,51,4096
4206,221588_134.swc,221588,MOp2/3,Right,Axon_and_dendrite,5636.34,775.88,6559.52,50,4096
11381,221642_707.swc,221642,MOp5,Right,Axon_and_dendrite,4258.62,1902.94,7355.66,51,4096
4318,221642_714.swc,221642,MOp2/3,Right,Axon_and_dendrite,4560.46,1506.34,7137.54,51,4096
11388,221642_780.swc,221642,MOp5,Right,Axon_and_dendrite,6089.74,965.18,6680.6,49,4096
15559,221645_009.swc,221645,MOp5,Left,Axon_and_dendrite,3924.14,4238.24,2614.72,51,4096
4442,221645_108.swc,221645,MOp2/3,Left,Axon_and_dendrite,4012.36,2406.76,2582.96,51,4096
4443,221645_109.swc,221645,MOp2/3,Left,Axon_and_dendrite,4093.38,2227.7,2685.74,50,4096
4444,221645_110.swc,221645,MOp1,Left,Axon_and_dendrite,4125.0,2064.02,2691.44,48,4096
4528,221703_109.swc,221703,MOp2/3,Left,Axon_and_dendrite,4717.7,1456.16,3398.52,50,4096
4630,221705_003.swc,221705,MOp2/3,Left,Axon_and_dendrite,4355.94,1842.47,2991.62,51,4096
4631,221705_005.swc,221705,MOp2/3,Left,Axon_and_dendrite,4297.46,1801.22,3152.22,51,4096
4648,221705_073.swc,221705,MOp2/3,Right,Axon_and_dendrite,3087.66,3887.24,8604.26,51,4096
4649,221705_074.swc,221705,MOp2/3,Right,Axon_and_dendrite,3123.54,3882.1,8609.54,50,4096
4650,221705_076.swc,221705,MOp2/3,Right,Axon_and_dendrite,3012.28,3755.32,8538.12,51,4096
4651,221705_077.swc,221705,MOp2/3,Right,Axon_and_dendrite,2955.76,3852.22,8567.1,50,4096
4652,221705_079.swc,221705,MOp2/3,Right,Axon_and_dendrite,2844.24,3704.72,8463.5,50,4096
4728,221706_562.swc,221706,MOp1,Right,Axon_only,3571.58,1839.23,7896.3,50,4096
4729,221706_563.swc,221706,MOp2/3,Right,Axon_and_dendrite,3578.9,2282.34,7919.9,49,4096
4730,221706_564.swc,221706,MOp2/3,Right,Axon_and_dendrite,3597.44,2245.04,7972.2,50,4096
4738,221713_019.swc,221713,MOp2/3,Right,Axon_and_dendrite,4178.56,2067.42,8554.78,51,4096
4739,221713_020.swc,221713,MOp2/3,Right,Axon_and_dendrite,4173.3,2067.38,8665.26,50,4096
12433,221713_027.swc,221713,MOp6a,Left,Axon_and_dendrite,3591.32,3701.82,3185.54,51,4096
4751,221714_034.swc,221714,MOp2/3,Left,Axon_and_dendrite,3265.2,2375.18,3161.6,49,4096
4752,221714_035.swc,221714,MOp1,Left,Axon_and_dendrite,3179.26,2282.1,3128.42,50,4096
4753,221714_036.swc,221714,MOp1,Left,Axon_and_dendrite,3201.14,2430.88,2949.66,51,4096
4944,221726_045.swc,221726,MOp2/3,Left,Axon_and_dendrite,3654.12,4008.44,2324.38,51,4096
4945,221726_051.swc,221726,MOp2/3,Left,Axon_and_dendrite,3556.68,3658.38,2284.74,51,4096
4946,221726_052.swc,221726,MOp2/3,Left,Axon_and_dendrite,3543.28,3727.84,2369.04,51,4096
4947,221726_053.swc,221726,MOp2/3,Left,Axon_and_dendrite,3602.78,3580.1,2320.46,50,4096
4952,221726_073.swc,221726,MOp2/3,Left,Axon_and_dendrite,3501.72,3277.42,2398.44,51,4096
4953,221726_078.swc,221726,MOp2/3,Left,Axon_and_dendrite,3094.76,3514.52,2575.7,50,4096
4954,221726_081.swc,221726,MOp2/3,Left,Axon_and_dendrite,3317.24,3682.4,2646.14,50,4096
11502,221726_095.swc,221726,MOp5,Left,Axon_and_dendrite,3579.84,3991.1,2625.62,50,4096
11503,221726_096.swc,221726,MOp5,Left,Axon_and_dendrite,3425.08,4041.6,2774.5,49,4096
4996,221728_011.swc,221728,MOp2/3,Right,Axon_and_dendrite,6026.92,667.806,6438.48,51,4096
4997,221728_012.swc,221728,MOp2/3,Right,Axon_and_dendrite,5750.12,699.152,6613.78,51,4096
4998,221728_013.swc,221728,MOp2/3,Right,Axon_and_dendrite,5674.72,759.494,6610.66,51,4096
4999,221728_015.swc,221728,MOp2/3,Right,Axon_and_dendrite,5606.32,852.114,6511.54,51,4096
5109,221728_206.swc,221728,MOp2/3,Right,Axon_and_dendrite,4146.84,1713.26,7357.66,51,4096
5141,221728_255.swc,221728,MOp2/3,Right,Axon_and_dendrite,4230.4,2048.4,8463.64,49,4096
5142,221728_259.swc,221728,MOp2/3,Right,Axon_and_dendrite,4319.94,1982.78,8298.72,51,4096
5143,221728_263.swc,221728,MOp2/3,Right,Axon_and_dendrite,4210.0,2142.1,8514.36,47,4096
5144,221728_264.swc,221728,MOp2/3,Right,Axon_and_dendrite,4189.2,2176.48,8530.32,50,4096
5145,221728_266.swc,221728,MOp2/3,Right,Axon_and_dendrite,3663.96,2279.26,8543.78,51,4096
5146,221728_267.swc,221728,MOp2/3,Right,Axon_and_dendrite,3620.1,2299.46,8529.84,50,4096
5147,221728_272.swc,221728,MOp2/3,Right,Axon_and_dendrite,3497.92,2263.08,8414.22,51,4096
5148,221728_273.swc,221728,MOp1,Right,Axon_and_dendrite,3451.84,2278.76,8438.58,51,4096
5149,221728_274.swc,221728,MOp2/3,Right,Axon_and_dendrite,3354.12,2322.28,8392.06,51,4096
5150,221728_275.swc,221728,MOp2/3,Right,Axon_and_dendrite,3322.46,2352.58,8414.0,48,4096
5151,221728_276.swc,221728,MOp1,Right,Axon_and_dendrite,3260.28,2382.78,8420.8,50,4096
5152,221728_277.swc,221728,MOp2/3,Right,Axon_and_dendrite,3297.82,2430.3,8472.5,49,4096
5153,221728_280.swc,221728,MOp2/3,Right,Axon_and_dendrite,3141.74,2404.8,8280.24,50,4096
5154,221728_281.swc,221728,MOp1,Right,Axon_and_dendrite,3072.96,2375.84,8320.24,51,4096
5155,221728_282.swc,221728,MOp1,Right,Axon_and_dendrite,2998.8,2580.22,8425.42,50,4096
7968,221728_314.swc,221728,MOp2/3,Right,Axon_and_dendrite,3854.4,1911.85,7645.0,47,4096
5169,221728_317.swc,221728,MOp2/3,Right,Axon_and_dendrite,4360.24,1600.34,7537.18,51,4096
5170,221728_319.swc,221728,MOp2/3,Right,Axon_and_dendrite,4156.72,1794.74,8029.56,51,4096
5171,221728_321.swc,221728,MOp2/3,Right,Axon_and_dendrite,3414.5,2085.2,7972.48,49,4096
11510,221728_323.swc,221728,MOp5,Right,Axon_and_dendrite,3463.82,3536.64,8684.68,51,4096
5260,221731_040.swc,221731,MOp2/3,Right,Axon_and_dendrite,2918.96,2951.7,8560.04,50,4096
5261,221731_041.swc,221731,MOp2/3,Right,Axon_and_dendrite,2866.56,3014.04,8512.12,51,4096
5262,221731_042.swc,221731,MOp2/3,Right,Axon_and_dendrite,2922.88,3094.96,8502.68,51,4096
5263,221731_043.swc,221731,MOp2/3,Right,Axon_and_dendrite,3196.68,3164.78,8801.28,51,4096
15588,221734_002.swc,221734,MOp5,Left,Axon_and_dendrite,4868.6,1976.56,3785.46,50,4096
15589,221734_003.swc,221734,MOp5,Left,Axon_and_dendrite,5014.78,2051.56,3806.68,51,4096
15590,221734_004.swc,221734,MOp6a,Left,Axon_and_dendrite,5029.64,2214.9,3699.84,50,4096
15591,221734_005.swc,221734,MOp5,Left,Axon_and_dendrite,4902.08,1911.7,3847.46,50,4096
15592,221734_007.swc,221734,MOp5,Left,Axon_and_dendrite,4970.12,1858.18,3903.88,51,4096
15593,221734_008.swc,221734,MOp5,Left,Axon_and_dendrite,4983.46,1803.02,3917.32,51,4096
15594,221734_011.swc,221734,MOp5,Left,Axon_and_dendrite,4918.34,1943.98,4077.82,51,4096
15595,221734_012.swc,221734,MOp5,Left,Axon_and_dendrite,4903.9,1776.31,3954.96,50,4096
15596,221734_013.swc,221734,MOp5,Left,Axon_and_dendrite,5041.94,1900.94,4061.72,51,4096
11590,221751_179.swc,221751,MOp5,Right,Axon_and_dendrite,5797.06,1111.61,6570.14,51,4096
5525,221751_185.swc,221751,MOp2/3,Right,Axon_and_dendrite,5598.9,871.076,6691.08,50,4096
5526,221751_188.swc,221751,MOp2/3,Right,Axon_and_dendrite,5634.56,902.008,6739.38,51,4096
5527,221751_189.swc,221751,MOp2/3,Right,Axon_and_dendrite,5643.56,851.902,6771.22,51,4096
5528,221751_191.swc,221751,MOp2/3,Right,Axon_and_dendrite,5680.5,741.356,6723.4,49,4096
5529,221751_193.swc,221751,MOp2/3,Right,Axon_and_dendrite,5607.1,786.33,6668.22,49,4096
11593,221751_194.swc,221751,MOp5,Right,Axon_and_dendrite,5671.6,1022.39,6590.4,49,4096
5530,221751_195.swc,221751,MOp1,Right,Axon_and_dendrite,5775.08,689.734,6797.46,51,4096
5531,221751_196.swc,221751,MOp2/3,Right,Axon_and_dendrite,5968.68,652.308,6855.58,51,4096
5532,221751_198.swc,221751,MOp2/3,Right,Axon_and_dendrite,6078.2,719.782,6791.86,50,4096
5533,221751_199.swc,221751,MOp2/3,Right,Axon_and_dendrite,5951.9,740.422,6725.28,50,4096
5535,221751_201.swc,221751,MOp2/3,Right,Axon_and_dendrite,5469.96,802.768,6827.8,50,4096
5536,221751_202.swc,221751,MOp2/3,Right,Axon_and_dendrite,5368.14,946.224,6711.76,51,4096
5537,221751_203.swc,221751,MOp2/3,Right,Axon_and_dendrite,5425.44,876.714,6675.28,51,4096
5549,221752_006.swc,221752,MOp2/3,Left,Axon_and_dendrite,3579.62,2963.46,2618.78,51,4096
5550,221752_007.swc,221752,MOp2/3,Left,Axon_and_dendrite,3573.02,2922.52,2679.4,50,4096
5551,221752_008.swc,221752,MOp2/3,Left,Axon_and_dendrite,3505.84,3045.86,2546.72,51,4096
11596,221752_009.swc,221752,MOp5,Left,Axon_and_dendrite,3670.92,3196.32,2686.12,51,4096
5552,221752_010.swc,221752,MOp2/3,Left,Axon_and_dendrite,3510.0,2865.04,2749.3,47,4096
5553,221752_011.swc,221752,MOp2/3,Left,Axon_and_dendrite,3478.6,2789.32,2800.16,50,4096
5554,221752_012.swc,221752,MOp2/3,Left,Axon_and_dendrite,3604.76,2912.08,2848.36,51,4096
5555,221752_013.swc,221752,MOp2/3,Left,Axon_and_dendrite,3369.44,2982.46,2737.02,51,4096
5556,221752_014.swc,221752,MOp2/3,Left,Axon_and_dendrite,3167.44,2712.7,2916.42,50,4096
5557,221752_016.swc,221752,MOp2/3,Left,Axon_and_dendrite,3331.66,2655.82,2786.18,51,4096
5558,221752_017.swc,221752,MOp2/3,Left,Axon_and_dendrite,3346.16,2603.16,2886.86,51,4096
5559,221752_018.swc,221752,MOp2/3,Left,Axon_and_dendrite,3442.64,2710.54,2822.58,51,4096
5560,221752_019.swc,221752,MOp2/3,Left,Axon_and_dendrite,3417.74,3048.1,2584.48,50,4096
5561,221752_020.swc,221752,MOp2/3,Left,Axon_and_dendrite,3427.04,3055.58,2573.32,51,4096
5562,221752_021.swc,221752,MOp2/3,Left,Axon_and_dendrite,3693.78,2825.24,2517.84,51,4096
5563,221752_022.swc,221752,MOp2/3,Left,Axon_and_dendrite,3614.48,2745.18,2542.34,51,4096
5564,221752_023.swc,221752,MOp2/3,Left,Axon_and_dendrite,3656.48,2767.1,2725.92,50,4096
6043,230060_091.swc,230060,MOp2/3,Right,Axon_and_dendrite,3784.92,3248.98,8937.64,51,4096
6044,230060_092.swc,230060,MOp2/3,Right,Axon_and_dendrite,3838.92,3238.06,8936.44,51,4096
6049,230060_100.swc,230060,MOp2/3,Right,Axon_and_dendrite,3578.88,2880.52,8924.98,51,4096
8044,230060_101.swc,230060,MOp2/3,Right,Axon_and_dendrite,3687.26,2780.92,8873.24,51,4096
8045,230060_102.swc,230060,MOp2/3,Right,Axon_and_dendrite,3858.36,2895.78,8691.62,51,4096
6050,230060_103.swc,230060,MOp2/3,Right,Axon_and_dendrite,3615.42,2933.68,9031.38,51,4096
6051,230060_104.swc,230060,MOp2/3,Right,Axon_and_dendrite,3790.92,3149.98,8888.52,51,4096
6071,230061_022.swc,230061,MOp2/3,Right,Axon_and_dendrite,5036.72,1066.07,6716.24,51,4096
6075,230061_026.swc,230061,MOp2/3,Right,Axon_and_dendrite,4700.04,1406.68,6866.1,50,4096
6077,230061_030.swc,230061,MOp2/3,Right,Axon_and_dendrite,4649.0,1355.29,7524.32,48,4096
6080,230061_033.swc,230061,MOp2/3,Right,Axon_and_dendrite,4557.7,1297.44,7104.0,47,4096
6129,230064_060.swc,230064,MOp2/3,Right,Axon_and_dendrite,6022.6,698.6,6569.44,48,4096
6130,230064_061.swc,230064,MOp2/3,Right,Axon_and_dendrite,5912.72,699.28,6609.6,49,4096
6131,230064_062.swc,230064,MOp1,Right,Axon_and_dendrite,5794.16,687.85,6716.74,50,4096
6133,230064_066.swc,230064,MOp2/3,Right,Axon_and_dendrite,5546.7,856.618,6734.24,50,4096
8069,230070_012.swc,230070,MOp2/3,Right,Axon_and_dendrite,3882.34,2453.12,8712.64,51,4096
11697,230077_031.swc,230077,MOp5,Right,Axon_and_dendrite,3989.48,2771.1,8611.46,50,4096
11699,230077_033.swc,230077,MOp5,Left,Axon_and_dendrite,3554.4,4096.32,2701.04,50,4096
15652,230077_034.swc,230077,MOp5,Left,Axon_and_dendrite,3608.12,3695.18,2807.92,51,4096
6301,230077_038.swc,230077,MOp2/3,Left,Axon_and_dendrite,3910.44,2459.38,2974.58,51,4096
15653,230077_039.swc,230077,MOp5,Left,Axon_and_dendrite,4277.26,2667.44,3016.6,50,4096
15654,230077_040.swc,230077,MOp5,Right,Axon_and_dendrite,3709.3,3081.1,8646.56,49,4096
11700,230077_042.swc,230077,MOp5,Right,Axon_and_dendrite,3539.86,3885.14,8766.28,51,4096
15664,230078_046.swc,230078,MOp5,Left,Axon_and_dendrite,3898.84,4211.38,2613.74,51,4096
11716,230078_049.swc,230078,MOp5,Left,Axon_and_dendrite,3586.38,2837.64,2921.02,51,4096
6313,230078_050.swc,230078,MOp2/3,Left,Axon_and_dendrite,3379.04,3757.12,2690.84,51,4096
6364,230105_013.swc,230105,MOp2/3,Right,Axon_and_dendrite,4527.82,1586.77,7260.52,51,4096
6365,230105_014.swc,230105,MOp2/3,Right,Axon_and_dendrite,4486.74,1357.37,7207.6,50,4096
6366,230105_015.swc,230105,MOp2/3,Right,Axon_and_dendrite,4597.02,1525.84,7257.74,51,4096
15694,230108_001.swc,230108,MOp5,Right,Axon_and_dendrite,3550.94,3850.66,8425.54,51,4096
15695,230108_002.swc,230108,MOp5,Right,Axon_and_dendrite,3539.54,3943.32,8373.14,51,4096
15696,230108_003.swc,230108,MOp5,Right,Axon_and_dendrite,3747.28,3964.1,8497.0,47,4096
15697,230108_004.swc,230108,MOp5,Right,Axon_and_dendrite,3763.28,3972.6,8558.54,50,4096
18079,230108_005.swc,230108,MOp5,Right,Axon_and_dendrite,3655.02,4069.4,8458.18,50,4096
6445,230108_006.swc,230108,MOp2/3,Right,Axon_and_dendrite,3134.32,3149.62,8688.28,51,4096
6446,230108_007.swc,230108,MOp2/3,Right,Axon_and_dendrite,3078.58,2963.46,8684.8,50,4096
6447,230108_008.swc,230108,MOp2/3,Right,Axon_and_dendrite,3424.76,2579.4,8467.1,49,4096
11729,230108_010.swc,230108,MOp5,Right,Axon_and_dendrite,3493.72,3484.0,8671.62,48,4096
6448,230108_011.swc,230108,MOp2/3,Right,Axon_and_dendrite,3247.72,3130.88,8813.86,51,4096
6449,230108_012.swc,230108,MOp2/3,Right,Axon_and_dendrite,3253.48,3161.44,8746.76,51,4096
6450,230108_014.swc,230108,MOp2/3,Right,Axon_and_dendrite,3481.0,2650.08,8576.54,48,4096
6460,230108_034.swc,230108,MOp2/3,Right,Axon_and_dendrite,5176.96,1316.27,7155.82,51,4096
6463,230108_050.swc,230108,MOp2/3,Right,Axon_and_dendrite,3386.32,3722.52,8823.22,51,4096
6464,230108_051.swc,230108,MOp2/3,Right,Axon_and_dendrite,3349.44,3652.86,8888.12,51,4096
6465,230108_052.swc,230108,MOp2/3,Right,Axon_and_dendrite,3374.2,3624.84,8845.02,50,4096
6466,230108_053.swc,230108,MOp2/3,Right,Axon_and_dendrite,3173.44,3297.6,8744.14,50,4096
6467,230108_054.swc,230108,MOp2/3,Right,Axon_and_dendrite,3153.52,2973.12,8761.98,51,4096
6468,230108_055.swc,230108,MOp2/3,Right,Axon_and_dendrite,3411.08,2879.24,8650.04,51,4096
6504,230110_008.swc,230110,MOp2/3,Right,Axon_and_dendrite,5114.24,1224.12,7419.8,50,4096
8081,230110_009.swc,230110,MOp2/3,Right,Axon_and_dendrite,5136.66,1362.92,7291.78,51,4096
6505,230110_011.swc,230110,MOp2/3,Right,Axon_and_dendrite,5024.12,1165.64,7208.76,51,4096
6506,230110_012.swc,230110,MOp2/3,Right,Axon_and_dendrite,4908.1,1217.72,7353.52,50,4096
6507,230110_013.swc,230110,MOp2/3,Right,Axon_and_dendrite,5019.34,1469.08,7552.96,51,4096
6508,230110_014.swc,230110,MOp2/3,Right,Axon_and_dendrite,4926.3,1323.53,7501.24,50,4096
6509,230110_015.swc,230110,MOp2/3,Right,Axon_and_dendrite,4925.06,1282.27,7477.06,51,4096
6510,230110_016.swc,230110,MOp2/3,Right,Axon_and_dendrite,4859.12,1262.83,7601.94,51,4096
8082,230110_017.swc,230110,MOp2/3,Right,Axon_and_dendrite,5029.7,1326.15,7375.22,50,4096
6532,230110_049.swc,230110,MOp2/3,Right,Axon_and_dendrite,3712.4,2525.04,8820.12,50,4096
6533,230110_050.swc,230110,MOp2/3,Right,Axon_and_dendrite,3877.5,2825.88,8782.16,50,4096
6534,230110_052.swc,230110,MOp1,Right,Axon_and_dendrite,4071.36,2159.32,8774.52,51,4096
6535,230110_053.swc,230110,MOp2/3,Right,Axon_and_dendrite,4047.16,2067.84,8468.02,51,4096
18168,233281_145.swc,233281,MOp6a,Right,Axon_and_dendrite,4925.66,2010.58,7008.28,51,4096
18171,233281_148.swc,233281,MOp6a,Right,Axon_and_dendrite,5038.9,1789.67,6825.18,50,4096
18252,233283_047.swc,233283,MOp6a,Right,Axon_and_dendrite,6264.84,1519.67,6706.56,51,4096
18253,233283_048.swc,233283,MOp6a,Right,Axon_and_dendrite,6381.16,1491.59,6794.38,51,4096
18254,233283_049.swc,233283,MOp6a,Right,Axon_and_dendrite,6057.06,1481.64,6777.78,51,4096
18255,233283_050.swc,233283,MOp6a,Right,Axon_and_dendrite,6099.26,1405.03,6769.4,50,4096
18274,233283_072.swc,233283,MOp6a,Right,Axon_and_dendrite,5606.42,1747.15,6730.48,51,4096
12468,233283_074.swc,233283,MOp6a,Right,Axon_and_dendrite,5877.1,1451.79,6905.22,50,4096
18275,233283_075.swc,233283,MOp6a,Right,Axon_and_dendrite,5795.52,1720.82,6975.28,51,4096
18276,233283_076.swc,233283,MOp6a,Right,Axon_and_dendrite,5730.72,1965.48,7088.96,51,4096
12477,233284_001.swc,233284,MOp6b,Right,Axon_and_dendrite,5726.84,1911.25,6711.14,51,4096
18304,233284_002.swc,233284,MOp6a,Right,Axon_and_dendrite,5671.12,1858.56,6726.66,51,4096
12479,233284_004.swc,233284,MOp6a,Right,Axon_and_dendrite,5698.1,1899.49,6719.46,50,4096
12480,233284_005.swc,233284,MOp6b,Right,Axon_and_dendrite,5825.04,1918.88,6797.16,51,4096
15761,233284_006.swc,233284,MOp6a,Right,Axon_and_dendrite,5894.04,1847.39,6896.46,51,4096
18305,233284_007.swc,233284,MOp6a,Right,Axon_and_dendrite,5771.5,1819.27,6986.54,50,4096
18306,233284_008.swc,233284,MOp6a,Right,Axon_and_dendrite,5715.46,1744.1,6922.9,49,4096
18307,233284_009.swc,233284,MOp6a,Right,Axon_and_dendrite,5619.98,1725.14,6884.26,51,4096
18308,233284_010.swc,233284,MOp6a,Right,Axon_and_dendrite,5606.18,1833.43,6833.4,50,4096
18309,233284_011.swc,233284,MOp6a,Right,Axon_and_dendrite,5585.66,1944.85,6784.06,51,4096
18311,233284_015.swc,233284,MOp6a,Right,Axon_and_dendrite,5873.92,1804.84,6701.62,51,4096
12484,233284_017.swc,233284,MOp6b,Right,Axon_and_dendrite,5230.52,2165.62,6852.76,51,4096
18312,233284_018.swc,233284,MOp6a,Right,Axon_and_dendrite,5225.94,2095.52,6952.82,51,4096
18313,233284_019.swc,233284,MOp6a,Right,Axon_and_dendrite,5177.28,2164.98,7032.6,50,4096
18314,233284_020.swc,233284,MOp6a,Right,Axon_and_dendrite,5618.26,1852.68,7135.36,51,4096
18317,233284_024.swc,233284,MOp6a,Right,Axon_and_dendrite,5678.78,2095.72,7266.32,51,4096
18318,233284_025.swc,233284,MOp6a,Right,Axon_and_dendrite,5549.52,2082.58,7238.7,50,4096
18327,233284_037.swc,233284,MOp6a,Right,Axon_and_dendrite,5753.14,2025.98,7171.7,50,4096
18347,233284_078.swc,233284,MOp6a,Right,Axon_and_dendrite,5281.8,2219.06,7390.72,50,4096
18348,233284_079.swc,233284,MOp6a,Right,Axon_and_dendrite,5420.28,2231.54,7432.34,51,4096
18402,233284_201.swc,233284,MOp6a,Right,Axon_and_dendrite,5412.84,1971.92,7104.56,51,4096
18403,233284_202.swc,233284,MOp6a,Right,Axon_and_dendrite,5416.52,1975.2,7333.12,50,4096
18404,233284_203.swc,233284,MOp6a,Right,Axon_and_dendrite,5522.66,2037.84,7361.98,51,4096
18596,233794_064.swc,233794,MOp5,Right,Axon_and_dendrite,4005.78,3739.62,8698.14,51,4096
12525,233794_067.swc,233794,MOp6a,Right,Axon_and_dendrite,4023.28,3984.14,8442.4,50,4096
18612,233794_096.swc,233794,MOp6a,Right,Axon_and_dendrite,4024.62,2941.08,7594.78,51,4096
12527,233794_098.swc,233794,MOp6b,Right,Axon_and_dendrite,4493.7,2762.12,7457.78,50,4096
12528,233794_099.swc,233794,MOp6a,Right,Axon_and_dendrite,4384.02,3003.46,7915.86,51,4096
12529,233794_120.swc,233794,MOp6a,Right,Axon_and_dendrite,3727.02,3687.26,7847.26,51,4096
12530,233794_121.swc,233794,MOp6b,Right,Axon_and_dendrite,3875.54,3672.9,7875.22,50,4096
