"Source","Verified animal/specimen","Soma-position stratum","Independent label","Cells available","Observation status","Proposed role","Exclusion reason","fMOST_id","sample_id","project_id","hemispheres","layers","axon_and_dendrite_cells","axon_only_cells","EP11_SSp-tr_overlap"
"Gao_18621:MOp","fMOST brain 212064 / sample IS21SYG-WD01(1008)-W1 (specimen group; animal identity unresolved)","MOp5:Left;MOp6a:Left","provider transgenic_line=C57BL/6J (independence provisional)",6,"metadata plus canonical soma-root row only; full trees not acquired; target observation unqualified","unassigned","","212064","IS21SYG-WD01(1008)-W1","ISO","Left","MOp5;MOp6a",6,0,"no"
"Gao_18621:MOp","fMOST brain 212065 / sample IS21SYG-WD02(1009)-W1 (specimen group; animal identity unresolved)","MOp2/3:Right;MOp5:Right;MOp6a:Right","provider transgenic_line=C57BL/6J (independence provisional)",4,"metadata plus canonical soma-root row only; full trees not acquired; target observation unqualified","unassigned","","212065","IS21SYG-WD02(1009)-W1","ISO","Right","MOp2/3;MOp5;MOp6a",4,0,"no"
"Gao_18621:MOp","fMOST brain 212066 / sample IS21SYG-WD03(1009)-W1 (specimen group; animal identity unresolved)","MOp2/3:Right;MOp5:Right;MOp6a:Right","provider transgenic_line=C57BL/6J (independence provisional)",4,"metadata plus canonical soma-root row only; full trees not acquired; target observation unqualified","unassigned","","212066","IS21SYG-WD03(1009)-W1","ISO","Right","MOp2/3;MOp5;MOp6a",4,0,"no"
"Gao_18621:MOp","fMOST brain 212067 / sample IS21SYG-WD04(1009)-W1 (specimen group; animal identity unresolved)","MOp1:Right;MOp2/3:Right","provider transgenic_line=C57BL/6J (independence provisional)",5,"metadata plus canonical soma-root row only; full trees not acquired; target observation unqualified","unassigned","","212067","IS21SYG-WD04(1009)-W1","ISO","Right","MOp1;MOp2/3",5,0,"no"
"Gao_18621:MOp","fMOST brain 212069 / sample IS21SYG-WD06(1011)-W1 (specimen group; animal identity unresolved)","MOp5:Right","provider transgenic_line=C57BL/6J (independence provisional)",1,"metadata plus canonical soma-root row only; full trees not acquired; target observation unqualified","unassigned","","212069","IS21SYG-WD06(1011)-W1","ISO","Right","MOp5",1,0,"no"
"Gao_18621:MOp","fMOST brain 212074 / sample IS21SYG-WD11(1014)-W1 (specimen group; animal identity unresolved)","MOp2/3:Right;MOp5:Right;MOp6a:Right","provider transgenic_line=C57BL/6J (independence provisional)",6,"metadata plus canonical soma-root row only; full trees not acquired; target observation unqualified","unassigned","","212074","IS21SYG-WD11(1014)-W1","ISO","Right","MOp2/3;MOp5;MOp6a",6,0,"no"
"Gao_18621:MOp","fMOST brain 220103 / sample IS21SYG-WD13(1125)-W1 (specimen group; animal identity unresolved)","MOp2/3:Right;MOp5:Right;MOp6a:Right","provider transgenic_line=C57BL/6J (independence provisional)",9,"metadata plus canonical soma-root row only; full trees not acquired; target observation unqualified","unassigned","","220103","IS21SYG-WD13(1125)-W1","ISO","Right","MOp2/3;MOp5;MOp6a",9,0,"no"
"Gao_18621:MOp","fMOST brain 220187 / sample IS22SYG-ZH01(0114)-W1 (specimen group; animal identity unresolved)","MOp1:Right;MOp2/3:Right;MOp5:Right;MOp6a:Right","provider transgenic_line=C57BL/6J (independence provisional)",38,"metadata plus canonical soma-root row only; full trees not acquired; target observation unqualified","unassigned","","220187","IS22SYG-ZH01(0114)-W1","ISO","Right","MOp1;MOp2/3;MOp5;MOp6a",38,0,"no"
"Gao_18621:MOp","fMOST brain 220188 / sample IS22SYG-ZH02(0114)-W1 (specimen group; animal identity unresolved)","MOp1:Right;MOp2/3:Right;MOp5:Left;MOp5:Right;MOp6a:Left;MOp6a:Right","provider transgenic_line=C57BL/6J (independence provisional)",26,"metadata plus canonical soma-root row only; full trees not acquired; target observation unqualified","unassigned","","220188","IS22SYG-ZH02(0114)-W1","ISO","Left;Right","MOp1;MOp2/3;MOp5;MOp6a",26,0,"no"
"Gao_18621:MOp","fMOST brain 220189 / sample IS22SYG-ZH03(0114)-W1 (specimen group; animal identity unresolved)","MOp2/3:Right;MOp5:Right;MOp6a:Right;MOp6b:Right","provider transgenic_line=C57BL/6J (independence provisional)",13,"metadata plus canonical soma-root row only; full trees not acquired; target observation unqualified","unassigned","","220189","IS22SYG-ZH03(0114)-W1","ISO","Right","MOp2/3;MOp5;MOp6a;MOp6b",13,0,"no"
"Gao_18621:MOp","fMOST brain 220190 / sample IS22SYG-ZH04(0114)-W1 (specimen group; animal identity unresolved)","MOp1:Right;MOp2/3:Right;MOp5:Left;MOp5:Right;MOp6a:Right","provider transgenic_line=C57BL/6J (independence provisional)",18,"metadata plus canonical soma-root row only; full trees not acquired; target observation unqualified","unassigned","","220190","IS22SYG-ZH04(0114)-W1","ISO","Left;Right","MOp1;MOp2/3;MOp5;MOp6a",18,0,"no"
"Gao_18621:MOp","fMOST brain 220235 / sample IS22SYG-WD01(0118)-W1 (specimen group; animal identity unresolved)","MOp1:Left;MOp2/3:Left;MOp5:Left;MOp5:Right;MOp6a:Left;MOp6a:Right","provider transgenic_line=C57BL/6J (independence provisional)",22,"metadata plus canonical soma-root row only; full trees not acquired; target observation unqualified","unassigned","","220235","IS22SYG-WD01(0118)-W1","ISO","Left;Right","MOp1;MOp2/3;MOp5;MOp6a",20,2,"no"
"Gao_18621:MOp","fMOST brain 220236 / sample IS22SYG-WD02(0118)-W1 (specimen group; animal identity unresolved)","MOp1:Left;MOp2/3:Left;MOp5:Left;MOp5:Right;MOp6a:Right","provider transgenic_line=C57BL/6J (independence provisional)",15,"metadata plus canonical soma-root row only; full trees not acquired; target observation unqualified","unassigned","","220236","IS22SYG-WD02(0118)-W1","ISO","Left;Right","MOp1;MOp2/3;MOp5;MOp6a",15,0,"no"
"Gao_18621:MOp","fMOST brain 221043 / sample IS22SYG-DY02(0605)-T1-Wfs1 (specimen group; animal identity unresolved)","MOp1:Left;MOp2/3:Left;MOp5:Left","provider transgenic_line=Wfs1-Tg2-CreERT2 (independence provisional)",20,"metadata plus canonical soma-root row only; full trees not acquired; target observation unqualified","unassigned","","221043","IS22SYG-DY02(0605)-T1-Wfs1","ISO","Left","MOp1;MOp2/3;MOp5",20,0,"no"
"Gao_18621:MOp","fMOST brain 221044 / sample IS22SYG-LY02(0610) T1-Ntsr1 (specimen group; animal identity unresolved)","MOp6a:Right","provider transgenic_line=Ntsr1-Cre_GN220 (independence provisional)",5,"metadata plus canonical soma-root row only; full trees not acquired; target observation unqualified","unassigned","","221044","IS22SYG-LY02(0610) T1-Ntsr1","ISO","Right","MOp6a",5,0,"no"
"Gao_18621:MOp","fMOST brain 221085 / sample IS22XCZ-ZLJ17(0705)T1-Rbp4 (specimen group; animal identity unresolved)","MOp2/3:Right;MOp5:Right","provider transgenic_line=Rbp4-Cre_KL100 (independence provisional)",15,"metadata plus canonical soma-root row only; full trees not acquired; target observation unqualified","unassigned","","221085","IS22XCZ-ZLJ17(0705)T1-Rbp4","ISO","Right","MOp2/3;MOp5",15,0,"no"
"Gao_18621:MOp","fMOST brain 221088 / sample IS22YHS-LZW07 (0716)-W1 (specimen group; animal identity unresolved)","MOp2/3:Right;MOp5:Right","provider transgenic_line=C57BL/6J (independence provisional)",4,"metadata plus canonical soma-root row only; full trees not acquired; target observation unqualified","unassigned","","221088","IS22YHS-LZW07 (0716)-W1","ISO","Right","MOp2/3;MOp5",4,0,"no"
"Gao_18621:MOp","fMOST brain 221090 / sample IS22XNL-LQX19(0705)-T1-Tlx3 (specimen group; animal identity unresolved)","MOp2/3:Right;MOp5:Right","provider transgenic_line=Tlx3-Cre_PL56 (independence provisional)",26,"metadata plus canonical soma-root row only; full trees not acquired; target observation unqualified","unassigned","","221090","IS22XNL-LQX19(0705)-T1-Tlx3","ISO","Right","MOp2/3;MOp5",26,0,"no"
"Gao_18621:MOp","fMOST brain 221091 / sample IS22XNL-DL07(0705)-T1-Tlx3 (specimen group; animal identity unresolved)","MOp2/3:Left;MOp5:Left;MOp6a:Left","provider transgenic_line=Tlx3-Cre_PL56 (independence provisional)",35,"metadata plus canonical soma-root row only; full trees not acquired; target observation unqualified","unassigned","","221091","IS22XNL-DL07(0705)-T1-Tlx3","ISO","Left","MOp2/3;MOp5;MOp6a",35,0,"no"
"Gao_18621:MOp","fMOST brain 221093 / sample IS22XNL-DL09(0705)-T1-Tlx3 (specimen group; animal identity unresolved)","MOp5:Left","provider transgenic_line=Tlx3-Cre_PL56 (independence provisional)",7,"metadata plus canonical soma-root row only; full trees not acquired; target observation unqualified","unassigned","","221093","IS22XNL-DL09(0705)-T1-Tlx3","ISO","Left","MOp5",7,0,"no"
"Gao_18621:MOp","fMOST brain 221094 / sample IS22LCY-CZQ16(0701)-W1 (specimen group; animal identity unresolved)","MOp6a:Left","provider transgenic_line=C57BL/6J (independence provisional)",2,"metadata plus canonical soma-root row only; full trees not acquired; target observation unqualified","unassigned","","221094","IS22LCY-CZQ16(0701)-W1","ISO","Left","MOp6a",2,0,"no"
"Gao_18621:MOp","fMOST brain 221224 / sample IS22XXH-DXJ02(0721)T1-Rbp4 (specimen group; animal identity unresolved)","MOp5:Right;MOp6a:Right","provider transgenic_line=Rbp4-Cre_KL100 (independence provisional)",28,"metadata plus canonical soma-root row only; full trees not acquired; target observation unqualified","unassigned","","221224","IS22XXH-DXJ02(0721)T1-Rbp4","ISO","Right","MOp5;MOp6a",27,1,"yes"
"Gao_18621:MOp","fMOST brain 221225 / sample IS22XXH-DXJ03(0721)T1-Rbp4 (specimen group; animal identity unresolved)","MOp2/3:Right;MOp5:Right","provider transgenic_line=Rbp4-Cre_KL100 (independence provisional)",40,"metadata plus canonical soma-root row only; full trees not acquired; target observation unqualified","unassigned","","221225","IS22XXH-DXJ03(0721)T1-Rbp4","ISO","Right","MOp2/3;MOp5",40,0,"no"
"Gao_18621:MOp","fMOST brain 221227 / sample IS22XC-HYZ21(0708)T1-Rbp4 (specimen group; animal identity unresolved)","MOp2/3:Right;MOp5:Right;MOp6a:Right","provider transgenic_line=Rbp4-Cre_KL100 (independence provisional)",57,"metadata plus canonical soma-root row only; full trees not acquired; target observation unqualified","unassigned","","221227","IS22XC-HYZ21(0708)T1-Rbp4","ISO","Right","MOp2/3;MOp5;MOp6a",57,0,"yes"
"Gao_18621:MOp","fMOST brain 221242 / sample IS22XC-ZLJ22(0711)T1-Wfs1 (specimen group; animal identity unresolved)","MOp2/3:Left","provider transgenic_line=Wfs1-Tg2-CreERT2 (independence provisional)",3,"metadata plus canonical soma-root row only; full trees not acquired; target observation unqualified","unassigned","","221242","IS22XC-ZLJ22(0711)T1-Wfs1","ISO","Left","MOp2/3",3,0,"no"
"Gao_18621:MOp","fMOST brain 221299 / sample IS22SYG-LY08(0728) T1-Ntsr1 (specimen group; animal identity unresolved)","MOp6a:Right","provider transgenic_line=Ntsr1-Cre_GN220 (independence provisional)",18,"metadata plus canonical soma-root row only; full trees not acquired; target observation unqualified","unassigned","","221299","IS22SYG-LY08(0728) T1-Ntsr1","ISO","Right","MOp6a",18,0,"yes"
"Gao_18621:MOp","fMOST brain 221366 / sample IS22SYG-LY13(0728) T1-Wfs1 (specimen group; animal identity unresolved)","MOp2/3:Right","provider transgenic_line=Wfs1-Tg2-CreERT2 (independence provisional)",1,"metadata plus canonical soma-root row only; full trees not acquired; target observation unqualified","unassigned","","221366","IS22SYG-LY13(0728) T1-Wfs1","ISO","Right","MOp2/3",1,0,"yes"
"Gao_18621:MOp","fMOST brain 221418 / sample IS22XNL-LQX27(0808)T1-Tlx3 (specimen group; animal identity unresolved)","MOp2/3:Right;MOp5:Right","provider transgenic_line=Tlx3-Cre_PL56 (independence provisional)",13,"metadata plus canonical soma-root row only; full trees not acquired; target observation unqualified","unassigned","","221418","IS22XNL-LQX27(0808)T1-Tlx3","ISO","Right","MOp2/3;MOp5",13,0,"no"
"Gao_18621:MOp","fMOST brain 221420 / sample IS22XNL-DL22(0805)T1-Tlx3 (specimen group; animal identity unresolved)","MOp5:Right","provider transgenic_line=Tlx3-Cre_PL56 (independence provisional)",1,"metadata plus canonical soma-root row only; full trees not acquired; target observation unqualified","unassigned","","221420","IS22XNL-DL22(0805)T1-Tlx3","ISO","Right","MOp5",1,0,"no"
"Gao_18621:MOp","fMOST brain 221421 / sample IS22XNL-DL23(0805)T1-Tlx3 (specimen group; animal identity unresolved)","MOp5:Right","provider transgenic_line=Tlx3-Cre_PL56 (independence provisional)",5,"metadata plus canonical soma-root row only; full trees not acquired; target observation unqualified","unassigned","","221421","IS22XNL-DL23(0805)T1-Tlx3","ISO","Right","MOp5",5,0,"no"
"Gao_18621:MOp","fMOST brain 221422 / sample IS22XXH-DXJ06(0809)T1-Rbp4 (specimen group; animal identity unresolved)","MOp5:Left","provider transgenic_line=Rbp4-Cre_KL100 (independence provisional)",1,"metadata plus canonical soma-root row only; full trees not acquired; target observation unqualified","unassigned","","221422","IS22XXH-DXJ06(0809)T1-Rbp4","ISO","Left","MOp5",1,0,"no"
"Gao_18621:MOp","fMOST brain 221423 / sample IS22XXH-DXJ07(0809)T1-Rbp4 (specimen group; animal identity unresolved)","MOp5:Left;MOp6a:Left","provider transgenic_line=Rbp4-Cre_KL100 (independence provisional)",2,"metadata plus canonical soma-root row only; full trees not acquired; target observation unqualified","unassigned","","221423","IS22XXH-DXJ07(0809)T1-Rbp4","ISO","Left","MOp5;MOp6a",2,0,"no"
"Gao_18621:MOp","fMOST brain 221428 / sample IS22SYG-WD30(0811)T1-Cux2 (specimen group; animal identity unresolved)","MOp1:Right","provider transgenic_line=Cux2-Cre (independence provisional)",1,"metadata plus canonical soma-root row only; full trees not acquired; target observation unqualified","unassigned","","221428","IS22SYG-WD30(0811)T1-Cux2","ISO","Right","MOp1",1,0,"yes"
"Gao_18621:MOp","fMOST brain 221471 / sample IS22SYG-WD41(0824)T1-Tlx3 (specimen group; animal identity unresolved)","MOp6a:Right","provider transgenic_line=Tlx3-Cre_PL56 (independence provisional)",1,"metadata plus canonical soma-root row only; full trees not acquired; target observation unqualified","unassigned","","221471","IS22SYG-WD41(0824)T1-Tlx3","ISO","Right","MOp6a",1,0,"yes"
"Gao_18621:MOp","fMOST brain 221472 / sample IS22SYG-WD43(0825)T1-Tlx3 (specimen group; animal identity unresolved)","MOp2/3:Left;MOp5:Left","provider transgenic_line=Tlx3-Cre_PL56 (independence provisional)",8,"metadata plus canonical soma-root row only; full trees not acquired; target observation unqualified","unassigned","","221472","IS22SYG-WD43(0825)T1-Tlx3","ISO","Left","MOp2/3;MOp5",8,0,"no"
"Gao_18621:MOp","fMOST brain 221477 / sample IS22YHS-LDC08(0810)-T1-Rorb (specimen group; animal identity unresolved)","MOp2/3:Right;MOp5:Right","provider transgenic_line=Rorb-IRES2-Cre-D (independence provisional)",11,"metadata plus canonical soma-root row only; full trees not acquired; target observation unqualified","unassigned","","221477","IS22YHS-LDC08(0810)-T1-Rorb","ISO","Right","MOp2/3;MOp5",11,0,"no"
"Gao_18621:MOp","fMOST brain 221478 / sample IS22YHS-LDC09(0811)-T1-Rorb (specimen group; animal identity unresolved)","MOp2/3:Right","provider transgenic_line=Rorb-IRES2-Cre-D (independence provisional)",14,"metadata plus canonical soma-root row only; full trees not acquired; target observation unqualified","unassigned","","221478","IS22YHS-LDC09(0811)-T1-Rorb","ISO","Right","MOp2/3",14,0,"yes"
"Gao_18621:MOp","fMOST brain 221479 / sample IS22YHS-LDC10(0811)-T1-Rorb (specimen group; animal identity unresolved)","MOp2/3:Right;MOp5:Right","provider transgenic_line=Rorb-IRES2-Cre-D (independence provisional)",14,"metadata plus canonical soma-root row only; full trees not acquired; target observation unqualified","unassigned","","221479","IS22YHS-LDC10(0811)-T1-Rorb","ISO","Right","MOp2/3;MOp5",14,0,"yes"
"Gao_18621:MOp","fMOST brain 221480 / sample IS22YHS-LDC11(0812)-T1-Rorb (specimen group; animal identity unresolved)","MOp2/3:Left;MOp2/3:Right;MOp5:Right","provider transgenic_line=Rorb-IRES2-Cre-D (independence provisional)",12,"metadata plus canonical soma-root row only; full trees not acquired; target observation unqualified","unassigned","","221480","IS22YHS-LDC11(0812)-T1-Rorb","ISO","Left;Right","MOp2/3;MOp5",12,0,"no"
"Gao_18621:MOp","fMOST brain 221481 / sample IS22YHS-LDC12(0815)-T1-Rorb (specimen group; animal identity unresolved)","MOp2/3:Left;MOp2/3:Right;MOp5:Right","provider transgenic_line=Rorb-IRES2-Cre-D (independence provisional)",20,"metadata plus canonical soma-root row only; full trees not acquired; target observation unqualified","unassigned","","221481","IS22YHS-LDC12(0815)-T1-Rorb","ISO","Left;Right","MOp2/3;MOp5",20,0,"yes"
"Gao_18621:MOp","fMOST brain 221510 / sample IS22XC-ZLJ42(0826)T1-Wfs1 (specimen group; animal identity unresolved)","MOp1:Right;MOp2/3:Right","provider transgenic_line=Wfs1-Tg2-CreERT2 (independence provisional)",5,"metadata plus canonical soma-root row only; full trees not acquired; target observation unqualified","unassigned","","221510","IS22XC-ZLJ42(0826)T1-Wfs1","ISO","Right","MOp1;MOp2/3",5,0,"no"
"Gao_18621:MOp","fMOST brain 221512 / sample IS22XC-ZLJ46(0902)T1-Rbp4 (specimen group; animal identity unresolved)","MOp2/3:Right;MOp5:Right","provider transgenic_line=Rbp4-Cre_KL100 (independence provisional)",6,"metadata plus canonical soma-root row only; full trees not acquired; target observation unqualified","unassigned","","221512","IS22XC-ZLJ46(0902)T1-Rbp4","ISO","Right","MOp2/3;MOp5",6,0,"yes"
"Gao_18621:MOp","fMOST brain 221513 / sample IS22XXH-DXJ12(0906)T1-Ntsr1 (specimen group; animal identity unresolved)","MOp6a:Left;MOp6b:Left","provider transgenic_line=Ntsr1-Cre_GN220 (independence provisional)",15,"metadata plus canonical soma-root row only; full trees not acquired; target observation unqualified","unassigned","","221513","IS22XXH-DXJ12(0906)T1-Ntsr1","ISO","Left","MOp6a;MOp6b",15,0,"yes"
"Gao_18621:MOp","fMOST brain 221514 / sample IS22XXH-DXJ13(0906)T1-Ntsr1 (specimen group; animal identity unresolved)","MOp6a:Right","provider transgenic_line=Ntsr1-Cre_GN220 (independence provisional)",5,"metadata plus canonical soma-root row only; full trees not acquired; target observation unqualified","unassigned","","221514","IS22XXH-DXJ13(0906)T1-Ntsr1","ISO","Right","MOp6a",5,0,"no"
"Gao_18621:MOp","fMOST brain 221515 / sample IS22XXH-DXJ14(0906)T1-Ntsr1 (specimen group; animal identity unresolved)","MOp6a:Right","provider transgenic_line=Ntsr1-Cre_GN220 (independence provisional)",4,"metadata plus canonical soma-root row only; full trees not acquired; target observation unqualified","unassigned","","221515","IS22XXH-DXJ14(0906)T1-Ntsr1","ISO","Right","MOp6a",4,0,"no"
"Gao_18621:MOp","fMOST brain 221518 / sample IS22SYG-DY13(0822)-T1-Wfs1 (specimen group; animal identity unresolved)","MOp1:Left;MOp2/3:Left","provider transgenic_line=Wfs1-Tg2-CreERT2 (independence provisional)",8,"metadata plus canonical soma-root row only; full trees not acquired; target observation unqualified","unassigned","","221518","IS22SYG-DY13(0822)-T1-Wfs1","ISO","Left","MOp1;MOp2/3",8,0,"no"
"Gao_18621:MOp","fMOST brain 221520 / sample IS22SYG-DY11(0823)-T1-Cux2 (specimen group; animal identity unresolved)","MOp2/3:Left","provider transgenic_line=Cux2-Cre (independence provisional)",22,"metadata plus canonical soma-root row only; full trees not acquired; target observation unqualified","unassigned","","221520","IS22SYG-DY11(0823)-T1-Cux2","ISO","Left","MOp2/3",22,0,"no"
"Gao_18621:MOp","fMOST brain 221528 / sample IS22XC-HYZ31(0817)T1-Rbp4 (specimen group; animal identity unresolved)","MOp5:Left;MOp5:Right;MOp6a:Left","provider transgenic_line=Rbp4-Cre_KL100 (independence provisional)",26,"metadata plus canonical soma-root row only; full trees not acquired; target observation unqualified","unassigned","","221528","IS22XC-HYZ31(0817)T1-Rbp4","ISO","Left;Right","MOp5;MOp6a",26,0,"no"
"Gao_18621:MOp","fMOST brain 221539 / sample IS22SYG-LY14(0910) T1-Ntsr1 (specimen group; animal identity unresolved)","MOp6a:Right","provider transgenic_line=Ntsr1-Cre_GN220 (independence provisional)",1,"metadata plus canonical soma-root row only; full trees not acquired; target observation unqualified","unassigned","","221539","IS22SYG-LY14(0910) T1-Ntsr1","ISO","Right","MOp6a",1,0,"no"
"Gao_18621:MOp","fMOST brain 221588 / sample IS22SYG-DYN25(0926)T1-Cux2 (specimen group; animal identity unresolved)","MOp2/3:Right","provider transgenic_line=Cux2-Cre (independence provisional)",11,"metadata plus canonical soma-root row only; full trees not acquired; target observation unqualified","unassigned","","221588","IS22SYG-DYN25(0926)T1-Cux2","ISO","Right","MOp2/3",11,0,"no"
"Gao_18621:MOp","fMOST brain 221642 / sample IS22SYG-WD54(1011) T1-Cux2 (specimen group; animal identity unresolved)","MOp2/3:Right;MOp5:Right","provider transgenic_line=Cux2-Cre (independence provisional)",3,"metadata plus canonical soma-root row only; full trees not acquired; target observation unqualified","unassigned","","221642","IS22SYG-WD54(1011) T1-Cux2","ISO","Right","MOp2/3;MOp5",3,0,"no"
"Gao_18621:MOp","fMOST brain 221645 / sample IS22SYG-DY15(1012)T1-Wfs1 (specimen group; animal identity unresolved)","MOp1:Left;MOp2/3:Left;MOp5:Left","provider transgenic_line=Wfs1-Tg2-CreERT2 (independence provisional)",4,"metadata plus canonical soma-root row only; full trees not acquired; target observation unqualified","unassigned","","221645","IS22SYG-DY15(1012)T1-Wfs1","ISO","Left","MOp1;MOp2/3;MOp5",4,0,"no"
"Gao_18621:MOp","fMOST brain 221703 / sample IS22XXH-DXJ17(1013)T1-PlexinD1 (specimen group; animal identity unresolved)","MOp2/3:Left","provider transgenic_line=PlexinD1-2A-CreER (independence provisional)",1,"metadata plus canonical soma-root row only; full trees not acquired; target observation unqualified","unassigned","","221703","IS22XXH-DXJ17(1013)T1-PlexinD1","ISO","Left","MOp2/3",1,0,"no"
"Gao_18621:MOp","fMOST brain 221705 / sample IS22XXH-DXJ19(1013)T1-PlexinD1 (specimen group; animal identity unresolved)","MOp2/3:Left;MOp2/3:Right","provider transgenic_line=PlexinD1-2A-CreER (independence provisional)",7,"metadata plus canonical soma-root row only; full trees not acquired; target observation unqualified","unassigned","","221705","IS22XXH-DXJ19(1013)T1-PlexinD1","ISO","Left;Right","MOp2/3",7,0,"no"
"Gao_18621:MOp","fMOST brain 221706 / sample IS22XXH-DXJ20(1013)T1-PlexinD1 (specimen group; animal identity unresolved)","MOp1:Right;MOp2/3:Right","provider transgenic_line=PlexinD1-2A-CreER (independence provisional)",3,"metadata plus canonical soma-root row only; full trees not acquired; target observation unqualified","unassigned","","221706","IS22XXH-DXJ20(1013)T1-PlexinD1","ISO","Right","MOp1;MOp2/3",2,1,"no"
"Gao_18621:MOp","fMOST brain 221713 / sample IS22LCY-CZQ38(1021)T1-Cux2 (specimen group; animal identity unresolved)","MOp2/3:Right;MOp6a:Left","provider transgenic_line=Cux2-Cre (independence provisional)",3,"metadata plus canonical soma-root row only; full trees not acquired; target observation unqualified","unassigned","","221713","IS22LCY-CZQ38(1021)T1-Cux2","ISO","Left;Right","MOp2/3;MOp6a",3,0,"no"
"Gao_18621:MOp","fMOST brain 221714 / sample IS22LCY-CZQ39(1021)T1-Cux2 (specimen group; animal identity unresolved)","MOp1:Left;MOp2/3:Left","provider transgenic_line=Cux2-Cre (independence provisional)",3,"metadata plus canonical soma-root row only; full trees not acquired; target observation unqualified","unassigned","","221714","IS22LCY-CZQ39(1021)T1-Cux2","ISO","Left","MOp1;MOp2/3",3,0,"no"
"Gao_18621:MOp","fMOST brain 221726 / sample IS22SYG-DY13(1110)T1-Wfs1 (specimen group; animal identity unresolved)","MOp2/3:Left;MOp5:Left","provider transgenic_line=Wfs1-Tg2-CreERT2 (independence provisional)",9,"metadata plus canonical soma-root row only; full trees not acquired; target observation unqualified","unassigned","","221726","IS22SYG-DY13(1110)T1-Wfs1","ISO","Left","MOp2/3;MOp5",9,0,"yes"
"Gao_18621:MOp","fMOST brain 221728 / sample IS22SYG-WD71(1031) T1-Wfs1 (specimen group; animal identity unresolved)","MOp1:Right;MOp2/3:Right;MOp5:Right","provider transgenic_line=Wfs1-Tg2-CreERT2 (independence provisional)",25,"metadata plus canonical soma-root row only; full trees not acquired; target observation unqualified","unassigned","","221728","IS22SYG-WD71(1031) T1-Wfs1","ISO","Right","MOp1;MOp2/3;MOp5",25,0,"yes"
"Gao_18621:MOp","fMOST brain 221731 / sample IS22XC-HYZ46(1103)T1-Cux2 (specimen group; animal identity unresolved)","MOp2/3:Right","provider transgenic_line=Cux2-Cre (independence provisional)",4,"metadata plus canonical soma-root row only; full trees not acquired; target observation unqualified","unassigned","","221731","IS22XC-HYZ46(1103)T1-Cux2","ISO","Right","MOp2/3",4,0,"no"
"Gao_18621:MOp","fMOST brain 221734 / sample IS22XC-ZLJ60(1105)T1-Rbp4 (specimen group; animal identity unresolved)","MOp5:Left;MOp6a:Left","provider transgenic_line=Rbp4-Cre_KL100 (independence provisional)",9,"metadata plus canonical soma-root row only; full trees not acquired; target observation unqualified","unassigned","","221734","IS22XC-ZLJ60(1105)T1-Rbp4","ISO","Left","MOp5;MOp6a",9,0,"no"
"Gao_18621:MOp","fMOST brain 221751 / sample IS22YHS-LDC17(1109)T1-PlexinD1 (specimen group; animal identity unresolved)","MOp1:Right;MOp2/3:Right;MOp5:Right","provider transgenic_line=PlexinD1-2A-CreER (independence provisional)",14,"metadata plus canonical soma-root row only; full trees not acquired; target observation unqualified","unassigned","","221751","IS22YHS-LDC17(1109)T1-PlexinD1","ISO","Right","MOp1;MOp2/3;MOp5",14,0,"no"
"Gao_18621:MOp","fMOST brain 221752 / sample IS22YHS-LDC18(1109)T1-PlexinD1 (specimen group; animal identity unresolved)","MOp2/3:Left;MOp5:Left","provider transgenic_line=PlexinD1-2A-CreER (independence provisional)",17,"metadata plus canonical soma-root row only; full trees not acquired; target observation unqualified","unassigned","","221752","IS22YHS-LDC18(1109)T1-PlexinD1","ISO","Left","MOp2/3;MOp5",17,0,"yes"
"Gao_18621:MOp","fMOST brain 230060 / sample IS22SYG-WD89(1212) T1-PlexinD1 (specimen group; animal identity unresolved)","MOp2/3:Right","provider transgenic_line=PlexinD1-2A-CreER (independence provisional)",7,"metadata plus canonical soma-root row only; full trees not acquired; target observation unqualified","unassigned","","230060","IS22SYG-WD89(1212) T1-PlexinD1","ISO","Right","MOp2/3",7,0,"no"
"Gao_18621:MOp","fMOST brain 230061 / sample IS22SYG-WD91(1212) T1-PlexinD1 (specimen group; animal identity unresolved)","MOp2/3:Right","provider transgenic_line=PlexinD1-2A-CreER (independence provisional)",4,"metadata plus canonical soma-root row only; full trees not acquired; target observation unqualified","unassigned","","230061","IS22SYG-WD91(1212) T1-PlexinD1","ISO","Right","MOp2/3",4,0,"no"
"Gao_18621:MOp","fMOST brain 230064 / sample IS22SYG-WD96(1213) T1-Wfs1 (specimen group; animal identity unresolved)","MOp1:Right;MOp2/3:Right","provider transgenic_line=Wfs1-Tg2-CreERT2 (independence provisional)",4,"metadata plus canonical soma-root row only; full trees not acquired; target observation unqualified","unassigned","","230064","IS22SYG-WD96(1213) T1-Wfs1","ISO","Right","MOp1;MOp2/3",4,0,"no"
"Gao_18621:MOp","fMOST brain 230070 / sample IS22XCZ-ZLJ66(1213)T1-Cux2 (specimen group; animal identity unresolved)","MOp2/3:Right","provider transgenic_line=Cux2-Cre (independence provisional)",1,"metadata plus canonical soma-root row only; full trees not acquired; target observation unqualified","unassigned","","230070","IS22XCZ-ZLJ66(1213)T1-Cux2","ISO","Right","MOp2/3",1,0,"no"
"Gao_18621:MOp","fMOST brain 230077 / sample IS22LCY-CZQ58(1209)T1-Rbp4 (specimen group; animal identity unresolved)","MOp2/3:Left;MOp5:Left;MOp5:Right","provider transgenic_line=Rbp4-Cre_KL100 (independence provisional)",7,"metadata plus canonical soma-root row only; full trees not acquired; target observation unqualified","unassigned","","230077","IS22LCY-CZQ58(1209)T1-Rbp4","ISO","Left;Right","MOp2/3;MOp5",7,0,"no"
"Gao_18621:MOp","fMOST brain 230078 / sample IS22LCY-CZQ59(1209)T1-Rbp4 (specimen group; animal identity unresolved)","MOp2/3:Left;MOp5:Left","provider transgenic_line=Rbp4-Cre_KL100 (independence provisional)",3,"metadata plus canonical soma-root row only; full trees not acquired; target observation unqualified","unassigned","","230078","IS22LCY-CZQ59(1209)T1-Rbp4","ISO","Left","MOp2/3;MOp5",3,0,"no"
"Gao_18621:MOp","fMOST brain 230105 / sample IS22SYG-WD106(1227) T1-Wfs1 (specimen group; animal identity unresolved)","MOp2/3:Right","provider transgenic_line=Wfs1-Tg2-CreERT2 (independence provisional)",3,"metadata plus canonical soma-root row only; full trees not acquired; target observation unqualified","unassigned","","230105","IS22SYG-WD106(1227) T1-Wfs1","ISO","Right","MOp2/3",3,0,"no"
"Gao_18621:MOp","fMOST brain 230108 / sample IS22SYG-WD110(1227) T1-Wfs1 (specimen group; animal identity unresolved)","MOp2/3:Right;MOp5:Right","provider transgenic_line=Wfs1-Tg2-CreERT2 (independence provisional)",19,"metadata plus canonical soma-root row only; full trees not acquired; target observation unqualified","unassigned","","230108","IS22SYG-WD110(1227) T1-Wfs1","ISO","Right","MOp2/3;MOp5",19,0,"no"
"Gao_18621:MOp","fMOST brain 230110 / sample IS22SYG-WD112(1228) T1-PlexinD1 (specimen group; animal identity unresolved)","MOp1:Right;MOp2/3:Right","provider transgenic_line=PlexinD1-2A-CreER (independence provisional)",13,"metadata plus canonical soma-root row only; full trees not acquired; target observation unqualified","unassigned","","230110","IS22SYG-WD112(1228) T1-PlexinD1","ISO","Right","MOp1;MOp2/3",13,0,"no"
"Gao_18621:MOp","fMOST brain 233281 / sample IS23SYG-WD133(0613) T1-Tle4 (specimen group; animal identity unresolved)","MOp6a:Right","provider transgenic_line=Tle4-2A-CreER (independence provisional)",2,"metadata plus canonical soma-root row only; full trees not acquired; target observation unqualified","unassigned","","233281","IS23SYG-WD133(0613) T1-Tle4","ISO","Right","MOp6a",2,0,"no"
"Gao_18621:MOp","fMOST brain 233283 / sample IS23SYG-WD138(0614) T1-Tle4 (specimen group; animal identity unresolved)","MOp6a:Right","provider transgenic_line=Tle4-2A-CreER (independence provisional)",8,"metadata plus canonical soma-root row only; full trees not acquired; target observation unqualified","unassigned","","233283","IS23SYG-WD138(0614) T1-Tle4","ISO","Right","MOp6a",8,0,"no"
"Gao_18621:MOp","fMOST brain 233284 / sample IS23SYG-WD140(0614) T1-Tle4 (specimen group; animal identity unresolved)","MOp6a:Right;MOp6b:Right","provider transgenic_line=Tle4-2A-CreER (independence provisional)",23,"metadata plus canonical soma-root row only; full trees not acquired; target observation unqualified","unassigned","","233284","IS23SYG-WD140(0614) T1-Tle4","ISO","Right","MOp6a;MOp6b",23,0,"no"
"Gao_18621:MOp","fMOST brain 233794 / sample IS23SYG-WD172(0914)T1-Tle4 (specimen group; animal identity unresolved)","MOp5:Right;MOp6a:Right;MOp6b:Right","provider transgenic_line=Tle4-2A-CreER (independence provisional)",7,"metadata plus canonical soma-root row only; full trees not acquired; target observation unqualified","unassigned","","233794","IS23SYG-WD172(0914)T1-Tle4","ISO","Right","MOp5;MOp6a;MOp6b",7,0,"yes"
