fMOST_brain_id,provider_sample_id,strain_or_cre_line,all_cell_count,primary_cell_count,EP11_SSp_tr_overlap,episode10_role,geometry_supported_primary_cells,geometry_supported_fraction,geometry_condition,animal_identity_status,cross_episode_disposition,role_status,projection_outcome_exposed
212064,IS21SYG-WD01(1008)-W1,C57BL/6J,6,6,no,final,6,1.000000,exact_polyline_radius_500um_depth_tolerance_0.20,unresolved_fMOST_sample_unit,EP10_only,frozen_before_projection_outcomes,no
212065,IS21SYG-WD02(1009)-W1,C57BL/6J,4,4,no,unassigned,,,exact_polyline_radius_500um_depth_tolerance_0.20,unresolved_fMOST_sample_unit,EP10_only,frozen_before_projection_outcomes,no
212066,IS21SYG-WD03(1009)-W1,C57BL/6J,4,4,no,unassigned,,,exact_polyline_radius_500um_depth_tolerance_0.20,unresolved_fMOST_sample_unit,EP10_only,frozen_before_projection_outcomes,no
212067,IS21SYG-WD04(1009)-W1,C57BL/6J,5,5,no,unassigned,,,exact_polyline_radius_500um_depth_tolerance_0.20,unresolved_fMOST_sample_unit,EP10_only,frozen_before_projection_outcomes,no
212069,IS21SYG-WD06(1011)-W1,C57BL/6J,1,1,no,unassigned,,,exact_polyline_radius_500um_depth_tolerance_0.20,unresolved_fMOST_sample_unit,EP10_only,frozen_before_projection_outcomes,no
212074,IS21SYG-WD11(1014)-W1,C57BL/6J,6,6,no,development,6,1.000000,exact_polyline_radius_500um_depth_tolerance_0.20,unresolved_fMOST_sample_unit,EP10_only,frozen_before_projection_outcomes,no
220103,IS21SYG-WD13(1125)-W1,C57BL/6J,9,9,no,unassigned,,,exact_polyline_radius_500um_depth_tolerance_0.20,unresolved_fMOST_sample_unit,EP10_only,frozen_before_projection_outcomes,no
220187,IS22SYG-ZH01(0114)-W1,C57BL/6J,38,38,no,development,36,0.947368,exact_polyline_radius_500um_depth_tolerance_0.20,unresolved_fMOST_sample_unit,EP10_only,frozen_before_projection_outcomes,no
220188,IS22SYG-ZH02(0114)-W1,C57BL/6J,26,26,no,development,25,0.961538,exact_polyline_radius_500um_depth_tolerance_0.20,unresolved_fMOST_sample_unit,EP10_only,frozen_before_projection_outcomes,no
220189,IS22SYG-ZH03(0114)-W1,C57BL/6J,13,13,no,unassigned,,,exact_polyline_radius_500um_depth_tolerance_0.20,unresolved_fMOST_sample_unit,EP10_only,frozen_before_projection_outcomes,no
220190,IS22SYG-ZH04(0114)-W1,C57BL/6J,18,18,no,development,17,0.944444,exact_polyline_radius_500um_depth_tolerance_0.20,unresolved_fMOST_sample_unit,EP10_only,frozen_before_projection_outcomes,no
220235,IS22SYG-WD01(0118)-W1,C57BL/6J,22,20,no,unassigned,,,exact_polyline_radius_500um_depth_tolerance_0.20,unresolved_fMOST_sample_unit,EP10_only,frozen_before_projection_outcomes,no
220236,IS22SYG-WD02(0118)-W1,C57BL/6J,15,15,no,unassigned,,,exact_polyline_radius_500um_depth_tolerance_0.20,unresolved_fMOST_sample_unit,EP10_only,frozen_before_projection_outcomes,no
221043,IS22SYG-DY02(0605)-T1-Wfs1,Wfs1-Tg2-CreERT2,20,20,no,unassigned,,,exact_polyline_radius_500um_depth_tolerance_0.20,unresolved_fMOST_sample_unit,EP10_only,frozen_before_projection_outcomes,no
221044,IS22SYG-LY02(0610) T1-Ntsr1,Ntsr1-Cre_GN220,5,5,no,unassigned,,,exact_polyline_radius_500um_depth_tolerance_0.20,unresolved_fMOST_sample_unit,EP10_only,frozen_before_projection_outcomes,no
221085,IS22XCZ-ZLJ17(0705)T1-Rbp4,Rbp4-Cre_KL100,15,15,no,unassigned,,,exact_polyline_radius_500um_depth_tolerance_0.20,unresolved_fMOST_sample_unit,EP10_only,frozen_before_projection_outcomes,no
221088,IS22YHS-LZW07 (0716)-W1,C57BL/6J,4,4,no,unassigned,,,exact_polyline_radius_500um_depth_tolerance_0.20,unresolved_fMOST_sample_unit,EP10_only,frozen_before_projection_outcomes,no
221090,IS22XNL-LQX19(0705)-T1-Tlx3,Tlx3-Cre_PL56,26,26,no,final,26,1.000000,exact_polyline_radius_500um_depth_tolerance_0.20,unresolved_fMOST_sample_unit,EP10_only,frozen_before_projection_outcomes,no
221091,IS22XNL-DL07(0705)-T1-Tlx3,Tlx3-Cre_PL56,35,35,no,development,33,0.942857,exact_polyline_radius_500um_depth_tolerance_0.20,unresolved_fMOST_sample_unit,EP10_only,frozen_before_projection_outcomes,no
221093,IS22XNL-DL09(0705)-T1-Tlx3,Tlx3-Cre_PL56,7,7,no,unassigned,,,exact_polyline_radius_500um_depth_tolerance_0.20,unresolved_fMOST_sample_unit,EP10_only,frozen_before_projection_outcomes,no
221094,IS22LCY-CZQ16(0701)-W1,C57BL/6J,2,2,no,unassigned,,,exact_polyline_radius_500um_depth_tolerance_0.20,unresolved_fMOST_sample_unit,EP10_only,frozen_before_projection_outcomes,no
221224,IS22XXH-DXJ02(0721)T1-Rbp4,Rbp4-Cre_KL100,28,27,yes,unassigned,,,exact_polyline_radius_500um_depth_tolerance_0.20,unresolved_fMOST_sample_unit,reserved_unassigned_for_EP11,frozen_before_projection_outcomes,no
221225,IS22XXH-DXJ03(0721)T1-Rbp4,Rbp4-Cre_KL100,40,40,no,development,40,1.000000,exact_polyline_radius_500um_depth_tolerance_0.20,unresolved_fMOST_sample_unit,EP10_only,frozen_before_projection_outcomes,no
221227,IS22XC-HYZ21(0708)T1-Rbp4,Rbp4-Cre_KL100,57,57,yes,unassigned,,,exact_polyline_radius_500um_depth_tolerance_0.20,unresolved_fMOST_sample_unit,reserved_unassigned_for_EP11,frozen_before_projection_outcomes,no
221242,IS22XC-ZLJ22(0711)T1-Wfs1,Wfs1-Tg2-CreERT2,3,3,no,unassigned,,,exact_polyline_radius_500um_depth_tolerance_0.20,unresolved_fMOST_sample_unit,EP10_only,frozen_before_projection_outcomes,no
221299,IS22SYG-LY08(0728) T1-Ntsr1,Ntsr1-Cre_GN220,18,18,yes,unassigned,,,exact_polyline_radius_500um_depth_tolerance_0.20,unresolved_fMOST_sample_unit,reserved_unassigned_for_EP11,frozen_before_projection_outcomes,no
221366,IS22SYG-LY13(0728) T1-Wfs1,Wfs1-Tg2-CreERT2,1,1,yes,unassigned,,,exact_polyline_radius_500um_depth_tolerance_0.20,unresolved_fMOST_sample_unit,reserved_unassigned_for_EP11,frozen_before_projection_outcomes,no
221418,IS22XNL-LQX27(0808)T1-Tlx3,Tlx3-Cre_PL56,13,13,no,development,12,0.923077,exact_polyline_radius_500um_depth_tolerance_0.20,unresolved_fMOST_sample_unit,EP10_only,frozen_before_projection_outcomes,no
221420,IS22XNL-DL22(0805)T1-Tlx3,Tlx3-Cre_PL56,1,1,no,unassigned,,,exact_polyline_radius_500um_depth_tolerance_0.20,unresolved_fMOST_sample_unit,EP10_only,frozen_before_projection_outcomes,no
221421,IS22XNL-DL23(0805)T1-Tlx3,Tlx3-Cre_PL56,5,5,no,unassigned,,,exact_polyline_radius_500um_depth_tolerance_0.20,unresolved_fMOST_sample_unit,EP10_only,frozen_before_projection_outcomes,no
221422,IS22XXH-DXJ06(0809)T1-Rbp4,Rbp4-Cre_KL100,1,1,no,final,1,1.000000,exact_polyline_radius_500um_depth_tolerance_0.20,unresolved_fMOST_sample_unit,EP10_only,frozen_before_projection_outcomes,no
221423,IS22XXH-DXJ07(0809)T1-Rbp4,Rbp4-Cre_KL100,2,2,no,unassigned,,,exact_polyline_radius_500um_depth_tolerance_0.20,unresolved_fMOST_sample_unit,EP10_only,frozen_before_projection_outcomes,no
221428,IS22SYG-WD30(0811)T1-Cux2,Cux2-Cre,1,1,yes,unassigned,,,exact_polyline_radius_500um_depth_tolerance_0.20,unresolved_fMOST_sample_unit,reserved_unassigned_for_EP11,frozen_before_projection_outcomes,no
221471,IS22SYG-WD41(0824)T1-Tlx3,Tlx3-Cre_PL56,1,1,yes,unassigned,,,exact_polyline_radius_500um_depth_tolerance_0.20,unresolved_fMOST_sample_unit,reserved_unassigned_for_EP11,frozen_before_projection_outcomes,no
221472,IS22SYG-WD43(0825)T1-Tlx3,Tlx3-Cre_PL56,8,8,no,unassigned,,,exact_polyline_radius_500um_depth_tolerance_0.20,unresolved_fMOST_sample_unit,EP10_only,frozen_before_projection_outcomes,no
221477,IS22YHS-LDC08(0810)-T1-Rorb,Rorb-IRES2-Cre-D,11,11,no,unassigned,,,exact_polyline_radius_500um_depth_tolerance_0.20,unresolved_fMOST_sample_unit,EP10_only,frozen_before_projection_outcomes,no
221478,IS22YHS-LDC09(0811)-T1-Rorb,Rorb-IRES2-Cre-D,14,14,yes,unassigned,,,exact_polyline_radius_500um_depth_tolerance_0.20,unresolved_fMOST_sample_unit,reserved_unassigned_for_EP11,frozen_before_projection_outcomes,no
221479,IS22YHS-LDC10(0811)-T1-Rorb,Rorb-IRES2-Cre-D,14,14,yes,unassigned,,,exact_polyline_radius_500um_depth_tolerance_0.20,unresolved_fMOST_sample_unit,reserved_unassigned_for_EP11,frozen_before_projection_outcomes,no
221480,IS22YHS-LDC11(0812)-T1-Rorb,Rorb-IRES2-Cre-D,12,12,no,unassigned,,,exact_polyline_radius_500um_depth_tolerance_0.20,unresolved_fMOST_sample_unit,EP10_only,frozen_before_projection_outcomes,no
221481,IS22YHS-LDC12(0815)-T1-Rorb,Rorb-IRES2-Cre-D,20,20,yes,unassigned,,,exact_polyline_radius_500um_depth_tolerance_0.20,unresolved_fMOST_sample_unit,reserved_unassigned_for_EP11,frozen_before_projection_outcomes,no
221510,IS22XC-ZLJ42(0826)T1-Wfs1,Wfs1-Tg2-CreERT2,5,5,no,unassigned,,,exact_polyline_radius_500um_depth_tolerance_0.20,unresolved_fMOST_sample_unit,EP10_only,frozen_before_projection_outcomes,no
221512,IS22XC-ZLJ46(0902)T1-Rbp4,Rbp4-Cre_KL100,6,6,yes,unassigned,,,exact_polyline_radius_500um_depth_tolerance_0.20,unresolved_fMOST_sample_unit,reserved_unassigned_for_EP11,frozen_before_projection_outcomes,no
221513,IS22XXH-DXJ12(0906)T1-Ntsr1,Ntsr1-Cre_GN220,15,15,yes,unassigned,,,exact_polyline_radius_500um_depth_tolerance_0.20,unresolved_fMOST_sample_unit,reserved_unassigned_for_EP11,frozen_before_projection_outcomes,no
221514,IS22XXH-DXJ13(0906)T1-Ntsr1,Ntsr1-Cre_GN220,5,5,no,development,5,1.000000,exact_polyline_radius_500um_depth_tolerance_0.20,unresolved_fMOST_sample_unit,EP10_only,frozen_before_projection_outcomes,no
221515,IS22XXH-DXJ14(0906)T1-Ntsr1,Ntsr1-Cre_GN220,4,4,no,final,4,1.000000,exact_polyline_radius_500um_depth_tolerance_0.20,unresolved_fMOST_sample_unit,EP10_only,frozen_before_projection_outcomes,no
221518,IS22SYG-DY13(0822)-T1-Wfs1,Wfs1-Tg2-CreERT2,8,8,no,unassigned,,,exact_polyline_radius_500um_depth_tolerance_0.20,unresolved_fMOST_sample_unit,EP10_only,frozen_before_projection_outcomes,no
221520,IS22SYG-DY11(0823)-T1-Cux2,Cux2-Cre,22,22,no,unassigned,,,exact_polyline_radius_500um_depth_tolerance_0.20,unresolved_fMOST_sample_unit,EP10_only,frozen_before_projection_outcomes,no
221528,IS22XC-HYZ31(0817)T1-Rbp4,Rbp4-Cre_KL100,26,26,no,unassigned,,,exact_polyline_radius_500um_depth_tolerance_0.20,unresolved_fMOST_sample_unit,EP10_only,frozen_before_projection_outcomes,no
221539,IS22SYG-LY14(0910) T1-Ntsr1,Ntsr1-Cre_GN220,1,1,no,development,1,1.000000,exact_polyline_radius_500um_depth_tolerance_0.20,unresolved_fMOST_sample_unit,EP10_only,frozen_before_projection_outcomes,no
221588,IS22SYG-DYN25(0926)T1-Cux2,Cux2-Cre,11,11,no,development,10,0.909091,exact_polyline_radius_500um_depth_tolerance_0.20,unresolved_fMOST_sample_unit,EP10_only,frozen_before_projection_outcomes,no
221642,IS22SYG-WD54(1011) T1-Cux2,Cux2-Cre,3,3,no,final,3,1.000000,exact_polyline_radius_500um_depth_tolerance_0.20,unresolved_fMOST_sample_unit,EP10_only,frozen_before_projection_outcomes,no
221645,IS22SYG-DY15(1012)T1-Wfs1,Wfs1-Tg2-CreERT2,4,4,no,unassigned,,,exact_polyline_radius_500um_depth_tolerance_0.20,unresolved_fMOST_sample_unit,EP10_only,frozen_before_projection_outcomes,no
221703,IS22XXH-DXJ17(1013)T1-PlexinD1,PlexinD1-2A-CreER,1,1,no,unassigned,,,exact_polyline_radius_500um_depth_tolerance_0.20,unresolved_fMOST_sample_unit,EP10_only,frozen_before_projection_outcomes,no
221705,IS22XXH-DXJ19(1013)T1-PlexinD1,PlexinD1-2A-CreER,7,7,no,unassigned,,,exact_polyline_radius_500um_depth_tolerance_0.20,unresolved_fMOST_sample_unit,EP10_only,frozen_before_projection_outcomes,no
221706,IS22XXH-DXJ20(1013)T1-PlexinD1,PlexinD1-2A-CreER,3,2,no,final,2,1.000000,exact_polyline_radius_500um_depth_tolerance_0.20,unresolved_fMOST_sample_unit,EP10_only,frozen_before_projection_outcomes,no
221713,IS22LCY-CZQ38(1021)T1-Cux2,Cux2-Cre,3,3,no,unassigned,,,exact_polyline_radius_500um_depth_tolerance_0.20,unresolved_fMOST_sample_unit,EP10_only,frozen_before_projection_outcomes,no
221714,IS22LCY-CZQ39(1021)T1-Cux2,Cux2-Cre,3,3,no,unassigned,,,exact_polyline_radius_500um_depth_tolerance_0.20,unresolved_fMOST_sample_unit,EP10_only,frozen_before_projection_outcomes,no
221726,IS22SYG-DY13(1110)T1-Wfs1,Wfs1-Tg2-CreERT2,9,9,yes,unassigned,,,exact_polyline_radius_500um_depth_tolerance_0.20,unresolved_fMOST_sample_unit,reserved_unassigned_for_EP11,frozen_before_projection_outcomes,no
221728,IS22SYG-WD71(1031) T1-Wfs1,Wfs1-Tg2-CreERT2,25,25,yes,unassigned,,,exact_polyline_radius_500um_depth_tolerance_0.20,unresolved_fMOST_sample_unit,reserved_unassigned_for_EP11,frozen_before_projection_outcomes,no
221731,IS22XC-HYZ46(1103)T1-Cux2,Cux2-Cre,4,4,no,unassigned,,,exact_polyline_radius_500um_depth_tolerance_0.20,unresolved_fMOST_sample_unit,EP10_only,frozen_before_projection_outcomes,no
221734,IS22XC-ZLJ60(1105)T1-Rbp4,Rbp4-Cre_KL100,9,9,no,unassigned,,,exact_polyline_radius_500um_depth_tolerance_0.20,unresolved_fMOST_sample_unit,EP10_only,frozen_before_projection_outcomes,no
221751,IS22YHS-LDC17(1109)T1-PlexinD1,PlexinD1-2A-CreER,14,14,no,development,13,0.928571,exact_polyline_radius_500um_depth_tolerance_0.20,unresolved_fMOST_sample_unit,EP10_only,frozen_before_projection_outcomes,no
221752,IS22YHS-LDC18(1109)T1-PlexinD1,PlexinD1-2A-CreER,17,17,yes,unassigned,,,exact_polyline_radius_500um_depth_tolerance_0.20,unresolved_fMOST_sample_unit,reserved_unassigned_for_EP11,frozen_before_projection_outcomes,no
230060,IS22SYG-WD89(1212) T1-PlexinD1,PlexinD1-2A-CreER,7,7,no,unassigned,,,exact_polyline_radius_500um_depth_tolerance_0.20,unresolved_fMOST_sample_unit,EP10_only,frozen_before_projection_outcomes,no
230061,IS22SYG-WD91(1212) T1-PlexinD1,PlexinD1-2A-CreER,4,4,no,unassigned,,,exact_polyline_radius_500um_depth_tolerance_0.20,unresolved_fMOST_sample_unit,EP10_only,frozen_before_projection_outcomes,no
230064,IS22SYG-WD96(1213) T1-Wfs1,Wfs1-Tg2-CreERT2,4,4,no,final,4,1.000000,exact_polyline_radius_500um_depth_tolerance_0.20,unresolved_fMOST_sample_unit,EP10_only,frozen_before_projection_outcomes,no
230070,IS22XCZ-ZLJ66(1213)T1-Cux2,Cux2-Cre,1,1,no,unassigned,,,exact_polyline_radius_500um_depth_tolerance_0.20,unresolved_fMOST_sample_unit,EP10_only,frozen_before_projection_outcomes,no
230077,IS22LCY-CZQ58(1209)T1-Rbp4,Rbp4-Cre_KL100,7,7,no,unassigned,,,exact_polyline_radius_500um_depth_tolerance_0.20,unresolved_fMOST_sample_unit,EP10_only,frozen_before_projection_outcomes,no
230078,IS22LCY-CZQ59(1209)T1-Rbp4,Rbp4-Cre_KL100,3,3,no,unassigned,,,exact_polyline_radius_500um_depth_tolerance_0.20,unresolved_fMOST_sample_unit,EP10_only,frozen_before_projection_outcomes,no
230105,IS22SYG-WD106(1227) T1-Wfs1,Wfs1-Tg2-CreERT2,3,3,no,unassigned,,,exact_polyline_radius_500um_depth_tolerance_0.20,unresolved_fMOST_sample_unit,EP10_only,frozen_before_projection_outcomes,no
230108,IS22SYG-WD110(1227) T1-Wfs1,Wfs1-Tg2-CreERT2,19,19,no,unassigned,,,exact_polyline_radius_500um_depth_tolerance_0.20,unresolved_fMOST_sample_unit,EP10_only,frozen_before_projection_outcomes,no
230110,IS22SYG-WD112(1228) T1-PlexinD1,PlexinD1-2A-CreER,13,13,no,unassigned,,,exact_polyline_radius_500um_depth_tolerance_0.20,unresolved_fMOST_sample_unit,EP10_only,frozen_before_projection_outcomes,no
233281,IS23SYG-WD133(0613) T1-Tle4,Tle4-2A-CreER,2,2,no,development,2,1.000000,exact_polyline_radius_500um_depth_tolerance_0.20,unresolved_fMOST_sample_unit,EP10_only,frozen_before_projection_outcomes,no
233283,IS23SYG-WD138(0614) T1-Tle4,Tle4-2A-CreER,8,8,no,final,8,1.000000,exact_polyline_radius_500um_depth_tolerance_0.20,unresolved_fMOST_sample_unit,EP10_only,frozen_before_projection_outcomes,no
233284,IS23SYG-WD140(0614) T1-Tle4,Tle4-2A-CreER,23,23,no,unassigned,,,exact_polyline_radius_500um_depth_tolerance_0.20,unresolved_fMOST_sample_unit,EP10_only,frozen_before_projection_outcomes,no
233794,IS23SYG-WD172(0914)T1-Tle4,Tle4-2A-CreER,7,7,yes,unassigned,,,exact_polyline_radius_500um_depth_tolerance_0.20,unresolved_fMOST_sample_unit,reserved_unassigned_for_EP11,frozen_before_projection_outcomes,no
