provider_neuron_id,file,fMOST_brain_id,provider_sample_id,source_acronym,hemisphere,reconstruction_type,primary_common_support,primary_model_eligible,geometry_condition,soma_x_ccfv3_um,soma_y_ccfv3_um,soma_z_ccfv3_um,episode10_role,EP11_SSp_tr_overlap,role_status,projection_outcome_exposed
14076,212074_019.swc,212074,IS21SYG-WD11(1014)-W1,MOp6a,Right,Axon_and_dendrite,yes,yes,exact_polyline_radius_500um_depth_tolerance_0.20,5209.07,1856.45,7212.04,development,no,frozen_before_projection_outcomes,no
14077,212074_021.swc,212074,IS21SYG-WD11(1014)-W1,MOp5,Right,Axon_and_dendrite,yes,yes,exact_polyline_radius_500um_depth_tolerance_0.20,4939.84,1643.21,7374.27,development,no,frozen_before_projection_outcomes,no
7102,212074_022.swc,212074,IS21SYG-WD11(1014)-W1,MOp2/3,Right,Axon_and_dendrite,yes,yes,exact_polyline_radius_500um_depth_tolerance_0.20,4970.65,1424.36,7361.17,development,no,frozen_before_projection_outcomes,no
7103,212074_023.swc,212074,IS21SYG-WD11(1014)-W1,MOp2/3,Right,Axon_and_dendrite,yes,yes,exact_polyline_radius_500um_depth_tolerance_0.20,4976.26,1348.38,7415.02,development,no,frozen_before_projection_outcomes,no
1923,212074_024.swc,212074,IS21SYG-WD11(1014)-W1,MOp2/3,Right,Axon_and_dendrite,yes,yes,exact_polyline_radius_500um_depth_tolerance_0.20,4995.61,1308.32,7450.75,development,no,frozen_before_projection_outcomes,no
1924,212074_025.swc,212074,IS21SYG-WD11(1014)-W1,MOp2/3,Right,Axon_and_dendrite,yes,yes,exact_polyline_radius_500um_depth_tolerance_0.20,4966.25,1329.09,7375.68,development,no,frozen_before_projection_outcomes,no
17287,220187_001.swc,220187,IS22SYG-ZH01(0114)-W1,MOp6a,Right,Axon_and_dendrite,yes,yes,exact_polyline_radius_500um_depth_tolerance_0.20,4495.79,2798.98,7894.6,development,no,frozen_before_projection_outcomes,no
12172,220187_002.swc,220187,IS22SYG-ZH01(0114)-W1,MOp6a,Right,Axon_and_dendrite,yes,yes,exact_polyline_radius_500um_depth_tolerance_0.20,4456.07,2863.92,7894.95,development,no,frozen_before_projection_outcomes,no
9987,220187_003.swc,220187,IS22SYG-ZH01(0114)-W1,MOp5,Right,Axon_and_dendrite,no,no,exact_polyline_radius_500um_depth_tolerance_0.20,4054.4,2791.96,8195.91,development,no,frozen_before_projection_outcomes,no
17288,220187_004.swc,220187,IS22SYG-ZH01(0114)-W1,MOp6a,Right,Axon_and_dendrite,no,no,exact_polyline_radius_500um_depth_tolerance_0.20,4143.16,2863.11,8017.95,development,no,frozen_before_projection_outcomes,no
17289,220187_005.swc,220187,IS22SYG-ZH01(0114)-W1,MOp6a,Right,Axon_and_dendrite,yes,yes,exact_polyline_radius_500um_depth_tolerance_0.20,4064.83,2794.17,7978.36,development,no,frozen_before_projection_outcomes,no
14085,220187_006.swc,220187,IS22SYG-ZH01(0114)-W1,MOp5,Right,Axon_and_dendrite,yes,yes,exact_polyline_radius_500um_depth_tolerance_0.20,4281.77,2574.94,8163.33,development,no,frozen_before_projection_outcomes,no
12173,220187_007.swc,220187,IS22SYG-ZH01(0114)-W1,MOp6a,Right,Axon_and_dendrite,yes,yes,exact_polyline_radius_500um_depth_tolerance_0.20,4349.23,2793.8,7891.09,development,no,frozen_before_projection_outcomes,no
14086,220187_008.swc,220187,IS22SYG-ZH01(0114)-W1,MOp6a,Right,Axon_and_dendrite,yes,yes,exact_polyline_radius_500um_depth_tolerance_0.20,4282.34,2756.52,7604.81,development,no,frozen_before_projection_outcomes,no
9988,220187_011.swc,220187,IS22SYG-ZH01(0114)-W1,MOp5,Right,Axon_and_dendrite,yes,yes,exact_polyline_radius_500um_depth_tolerance_0.20,4004.39,2393.86,7577.71,development,no,frozen_before_projection_outcomes,no
14088,220187_013.swc,220187,IS22SYG-ZH01(0114)-W1,MOp5,Right,Axon_and_dendrite,yes,yes,exact_polyline_radius_500um_depth_tolerance_0.20,4053.2,2367.76,7433.23,development,no,frozen_before_projection_outcomes,no
17290,220187_014.swc,220187,IS22SYG-ZH01(0114)-W1,MOp6a,Right,Axon_and_dendrite,yes,yes,exact_polyline_radius_500um_depth_tolerance_0.20,4209.14,2668.98,7406.23,development,no,frozen_before_projection_outcomes,no
12175,220187_015.swc,220187,IS22SYG-ZH01(0114)-W1,MOp6a,Right,Axon_and_dendrite,yes,yes,exact_polyline_radius_500um_depth_tolerance_0.20,4306.79,2534.28,7568.79,development,no,frozen_before_projection_outcomes,no
9989,220187_016.swc,220187,IS22SYG-ZH01(0114)-W1,MOp5,Right,Axon_and_dendrite,yes,yes,exact_polyline_radius_500um_depth_tolerance_0.20,4195.56,1978.11,7579.61,development,no,frozen_before_projection_outcomes,no
1947,220187_017.swc,220187,IS22SYG-ZH01(0114)-W1,MOp2/3,Right,Axon_and_dendrite,yes,yes,exact_polyline_radius_500um_depth_tolerance_0.20,4173.79,1929.83,7658.24,development,no,frozen_before_projection_outcomes,no
9990,220187_018.swc,220187,IS22SYG-ZH01(0114)-W1,MOp5,Right,Axon_and_dendrite,yes,yes,exact_polyline_radius_500um_depth_tolerance_0.20,3776.52,2305.36,7627.22,development,no,frozen_before_projection_outcomes,no
14089,220187_019.swc,220187,IS22SYG-ZH01(0114)-W1,MOp5,Right,Axon_and_dendrite,yes,yes,exact_polyline_radius_500um_depth_tolerance_0.20,3692.3,2257.11,7671.39,development,no,frozen_before_projection_outcomes,no
1948,220187_021.swc,220187,IS22SYG-ZH01(0114)-W1,MOp2/3,Right,Axon_and_dendrite,yes,yes,exact_polyline_radius_500um_depth_tolerance_0.20,3865.46,1917.25,7860.01,development,no,frozen_before_projection_outcomes,no
1949,220187_022.swc,220187,IS22SYG-ZH01(0114)-W1,MOp2/3,Right,Axon_and_dendrite,yes,yes,exact_polyline_radius_500um_depth_tolerance_0.20,4007.92,1911.54,7873.93,development,no,frozen_before_projection_outcomes,no
1950,220187_023.swc,220187,IS22SYG-ZH01(0114)-W1,MOp1,Right,Axon_and_dendrite,yes,yes,exact_polyline_radius_500um_depth_tolerance_0.20,3687.12,1881.8,8040.03,development,no,frozen_before_projection_outcomes,no
1951,220187_024.swc,220187,IS22SYG-ZH01(0114)-W1,MOp2/3,Right,Axon_and_dendrite,yes,yes,exact_polyline_radius_500um_depth_tolerance_0.20,3813.07,2061.14,8029.95,development,no,frozen_before_projection_outcomes,no
1952,220187_025.swc,220187,IS22SYG-ZH01(0114)-W1,MOp2/3,Right,Axon_and_dendrite,yes,yes,exact_polyline_radius_500um_depth_tolerance_0.20,4306.97,1925.66,7736.33,development,no,frozen_before_projection_outcomes,no
1972,220187_063.swc,220187,IS22SYG-ZH01(0114)-W1,MOp1,Right,Axon_and_dendrite,yes,yes,exact_polyline_radius_500um_depth_tolerance_0.20,5182.15,912.587,6935.15,development,no,frozen_before_projection_outcomes,no
9997,220187_065.swc,220187,IS22SYG-ZH01(0114)-W1,MOp5,Right,Axon_and_dendrite,yes,yes,exact_polyline_radius_500um_depth_tolerance_0.20,5680.08,1366.96,6868.22,development,no,frozen_before_projection_outcomes,no
9998,220187_066.swc,220187,IS22SYG-ZH01(0114)-W1,MOp5,Right,Axon_and_dendrite,yes,yes,exact_polyline_radius_500um_depth_tolerance_0.20,5665.88,1462.41,6909.16,development,no,frozen_before_projection_outcomes,no
9999,220187_067.swc,220187,IS22SYG-ZH01(0114)-W1,MOp5,Right,Axon_and_dendrite,yes,yes,exact_polyline_radius_500um_depth_tolerance_0.20,5708.01,1276.68,6737.91,development,no,frozen_before_projection_outcomes,no
10000,220187_068.swc,220187,IS22SYG-ZH01(0114)-W1,MOp5,Right,Axon_and_dendrite,yes,yes,exact_polyline_radius_500um_depth_tolerance_0.20,5644.25,1163.85,6665.76,development,no,frozen_before_projection_outcomes,no
14094,220187_069.swc,220187,IS22SYG-ZH01(0114)-W1,MOp5,Right,Axon_and_dendrite,yes,yes,exact_polyline_radius_500um_depth_tolerance_0.20,5809.34,1332.32,6888.8,development,no,frozen_before_projection_outcomes,no
14095,220187_070.swc,220187,IS22SYG-ZH01(0114)-W1,MOp5,Right,Axon_and_dendrite,yes,yes,exact_polyline_radius_500um_depth_tolerance_0.20,5927.12,1237.08,6909.73,development,no,frozen_before_projection_outcomes,no
14096,220187_071.swc,220187,IS22SYG-ZH01(0114)-W1,MOp5,Right,Axon_and_dendrite,yes,yes,exact_polyline_radius_500um_depth_tolerance_0.20,5862.31,1184.97,6902.3,development,no,frozen_before_projection_outcomes,no
10001,220187_072.swc,220187,IS22SYG-ZH01(0114)-W1,MOp5,Right,Axon_and_dendrite,yes,yes,exact_polyline_radius_500um_depth_tolerance_0.20,5922.39,1219.69,6823.35,development,no,frozen_before_projection_outcomes,no
10002,220187_073.swc,220187,IS22SYG-ZH01(0114)-W1,MOp5,Right,Axon_and_dendrite,yes,yes,exact_polyline_radius_500um_depth_tolerance_0.20,5742.54,1022.4,6691.39,development,no,frozen_before_projection_outcomes,no
12181,220187_075.swc,220187,IS22SYG-ZH01(0114)-W1,MOp6a,Right,Axon_and_dendrite,yes,yes,exact_polyline_radius_500um_depth_tolerance_0.20,5639.59,1910.26,6772.24,development,no,frozen_before_projection_outcomes,no
12182,220187_076.swc,220187,IS22SYG-ZH01(0114)-W1,MOp6a,Right,Axon_and_dendrite,yes,yes,exact_polyline_radius_500um_depth_tolerance_0.20,5984.91,1442.27,6775.07,development,no,frozen_before_projection_outcomes,no
12183,220187_077.swc,220187,IS22SYG-ZH01(0114)-W1,MOp6a,Right,Axon_and_dendrite,yes,yes,exact_polyline_radius_500um_depth_tolerance_0.20,6065.12,1559.73,6875.58,development,no,frozen_before_projection_outcomes,no
17294,220187_081.swc,220187,IS22SYG-ZH01(0114)-W1,MOp6a,Right,Axon_and_dendrite,yes,yes,exact_polyline_radius_500um_depth_tolerance_0.20,5778.34,1791.81,6754.97,development,no,frozen_before_projection_outcomes,no
12186,220187_082.swc,220187,IS22SYG-ZH01(0114)-W1,MOp6a,Right,Axon_and_dendrite,yes,yes,exact_polyline_radius_500um_depth_tolerance_0.20,5753.62,1754.35,6800.09,development,no,frozen_before_projection_outcomes,no
14097,220187_083.swc,220187,IS22SYG-ZH01(0114)-W1,MOp5,Right,Axon_and_dendrite,yes,yes,exact_polyline_radius_500um_depth_tolerance_0.20,5521.69,1498.12,6957.79,development,no,frozen_before_projection_outcomes,no
14098,220187_084.swc,220187,IS22SYG-ZH01(0114)-W1,MOp5,Right,Axon_and_dendrite,yes,yes,exact_polyline_radius_500um_depth_tolerance_0.20,5926.63,1138.83,6597.18,development,no,frozen_before_projection_outcomes,no
14111,220188_058.swc,220188,IS22SYG-ZH02(0114)-W1,MOp5,Left,Axon_and_dendrite,yes,yes,exact_polyline_radius_500um_depth_tolerance_0.20,4525.53,2054.94,4288.23,development,no,frozen_before_projection_outcomes,no
14112,220188_062.swc,220188,IS22SYG-ZH02(0114)-W1,MOp5,Left,Axon_and_dendrite,yes,yes,exact_polyline_radius_500um_depth_tolerance_0.20,4792.94,1893.32,4321.01,development,no,frozen_before_projection_outcomes,no
17307,220188_064.swc,220188,IS22SYG-ZH02(0114)-W1,MOp6a,Left,Axon_and_dendrite,no,no,exact_polyline_radius_500um_depth_tolerance_0.20,4901.83,2163.61,4502.49,development,no,frozen_before_projection_outcomes,no
14115,220188_088.swc,220188,IS22SYG-ZH02(0114)-W1,MOp5,Right,Axon_and_dendrite,yes,yes,exact_polyline_radius_500um_depth_tolerance_0.20,5737.08,1148.87,6587.97,development,no,frozen_before_projection_outcomes,no
10012,220188_089.swc,220188,IS22SYG-ZH02(0114)-W1,MOp5,Right,Axon_and_dendrite,yes,yes,exact_polyline_radius_500um_depth_tolerance_0.20,5716.52,1263.95,6628.27,development,no,frozen_before_projection_outcomes,no
17312,220188_102.swc,220188,IS22SYG-ZH02(0114)-W1,MOp6a,Right,Axon_and_dendrite,yes,yes,exact_polyline_radius_500um_depth_tolerance_0.20,6146.99,1483.79,6651.25,development,no,frozen_before_projection_outcomes,no
17313,220188_103.swc,220188,IS22SYG-ZH02(0114)-W1,MOp5,Right,Axon_and_dendrite,yes,yes,exact_polyline_radius_500um_depth_tolerance_0.20,6026.24,1223.26,6679.48,development,no,frozen_before_projection_outcomes,no
12194,220188_104.swc,220188,IS22SYG-ZH02(0114)-W1,MOp6a,Right,Axon_and_dendrite,yes,yes,exact_polyline_radius_500um_depth_tolerance_0.20,6269.48,1361.83,6840.87,development,no,frozen_before_projection_outcomes,no
1981,220188_108.swc,220188,IS22SYG-ZH02(0114)-W1,MOp2/3,Right,Axon_and_dendrite,yes,yes,exact_polyline_radius_500um_depth_tolerance_0.20,5476.66,904.48,6840.85,development,no,frozen_before_projection_outcomes,no
14117,220188_109.swc,220188,IS22SYG-ZH02(0114)-W1,MOp5,Right,Axon_and_dendrite,yes,yes,exact_polyline_radius_500um_depth_tolerance_0.20,5546.94,1173.63,6912.07,development,no,frozen_before_projection_outcomes,no
1986,220188_116.swc,220188,IS22SYG-ZH02(0114)-W1,MOp1,Right,Axon_and_dendrite,yes,yes,exact_polyline_radius_500um_depth_tolerance_0.20,3624.26,1763.0,7880.47,development,no,frozen_before_projection_outcomes,no
1987,220188_117.swc,220188,IS22SYG-ZH02(0114)-W1,MOp2/3,Right,Axon_and_dendrite,yes,yes,exact_polyline_radius_500um_depth_tolerance_0.20,3885.21,1722.78,7577.6,development,no,frozen_before_projection_outcomes,no
1988,220188_118.swc,220188,IS22SYG-ZH02(0114)-W1,MOp2/3,Right,Axon_and_dendrite,yes,yes,exact_polyline_radius_500um_depth_tolerance_0.20,3912.98,1722.24,7559.85,development,no,frozen_before_projection_outcomes,no
1989,220188_119.swc,220188,IS22SYG-ZH02(0114)-W1,MOp2/3,Right,Axon_and_dendrite,yes,yes,exact_polyline_radius_500um_depth_tolerance_0.20,4004.63,1807.32,7409.05,development,no,frozen_before_projection_outcomes,no
14118,220188_121.swc,220188,IS22SYG-ZH02(0114)-W1,MOp5,Right,Axon_and_dendrite,yes,yes,exact_polyline_radius_500um_depth_tolerance_0.20,4191.58,2128.11,7396.3,development,no,frozen_before_projection_outcomes,no
10014,220188_122.swc,220188,IS22SYG-ZH02(0114)-W1,MOp5,Right,Axon_and_dendrite,yes,yes,exact_polyline_radius_500um_depth_tolerance_0.20,4245.95,2279.86,7469.19,development,no,frozen_before_projection_outcomes,no
10015,220188_123.swc,220188,IS22SYG-ZH02(0114)-W1,MOp5,Right,Axon_and_dendrite,yes,yes,exact_polyline_radius_500um_depth_tolerance_0.20,4066.49,2175.8,7688.78,development,no,frozen_before_projection_outcomes,no
10016,220188_124.swc,220188,IS22SYG-ZH02(0114)-W1,MOp5,Right,Axon_and_dendrite,yes,yes,exact_polyline_radius_500um_depth_tolerance_0.20,4035.69,2252.89,7718.17,development,no,frozen_before_projection_outcomes,no
7117,220188_125.swc,220188,IS22SYG-ZH02(0114)-W1,MOp2/3,Right,Axon_and_dendrite,yes,yes,exact_polyline_radius_500um_depth_tolerance_0.20,4027.58,1840.25,7583.09,development,no,frozen_before_projection_outcomes,no
14119,220188_127.swc,220188,IS22SYG-ZH02(0114)-W1,MOp5,Right,Axon_and_dendrite,yes,yes,exact_polyline_radius_500um_depth_tolerance_0.20,4311.56,1963.49,7518.45,development,no,frozen_before_projection_outcomes,no
17315,220188_132.swc,220188,IS22SYG-ZH02(0114)-W1,MOp6a,Right,Axon_and_dendrite,yes,yes,exact_polyline_radius_500um_depth_tolerance_0.20,4019.79,2713.18,7597.47,development,no,frozen_before_projection_outcomes,no
17316,220188_133.swc,220188,IS22SYG-ZH02(0114)-W1,MOp6a,Right,Axon_and_dendrite,yes,yes,exact_polyline_radius_500um_depth_tolerance_0.20,3821.5,2703.05,7693.58,development,no,frozen_before_projection_outcomes,no
1991,220188_136.swc,220188,IS22SYG-ZH02(0114)-W1,MOp2/3,Right,Axon_and_dendrite,yes,yes,exact_polyline_radius_500um_depth_tolerance_0.20,3704.38,2196.41,7905.58,development,no,frozen_before_projection_outcomes,no
12196,220188_138.swc,220188,IS22SYG-ZH02(0114)-W1,MOp6a,Right,Axon_and_dendrite,yes,yes,exact_polyline_radius_500um_depth_tolerance_0.20,4251.17,2779.89,7611.11,development,no,frozen_before_projection_outcomes,no
17317,220188_139.swc,220188,IS22SYG-ZH02(0114)-W1,MOp6a,Right,Axon_and_dendrite,yes,yes,exact_polyline_radius_500um_depth_tolerance_0.20,4469.49,2611.71,7654.02,development,no,frozen_before_projection_outcomes,no
12197,220188_140.swc,220188,IS22SYG-ZH02(0114)-W1,MOp6a,Right,Axon_and_dendrite,yes,yes,exact_polyline_radius_500um_depth_tolerance_0.20,4466.71,2706.02,7682.86,development,no,frozen_before_projection_outcomes,no
10032,220190_009.swc,220190,IS22SYG-ZH04(0114)-W1,MOp5,Left,Axon_and_dendrite,yes,yes,exact_polyline_radius_500um_depth_tolerance_0.20,4350.22,2032.76,4273.58,development,no,frozen_before_projection_outcomes,no
2000,220190_035.swc,220190,IS22SYG-ZH04(0114)-W1,MOp2/3,Right,Axon_and_dendrite,yes,yes,exact_polyline_radius_500um_depth_tolerance_0.20,3764.94,1765.56,7686.42,development,no,frozen_before_projection_outcomes,no
10038,220190_036.swc,220190,IS22SYG-ZH04(0114)-W1,MOp5,Right,Axon_and_dendrite,yes,yes,exact_polyline_radius_500um_depth_tolerance_0.20,4056.06,2168.2,7892.88,development,no,frozen_before_projection_outcomes,no
17347,220190_038.swc,220190,IS22SYG-ZH04(0114)-W1,MOp5,Right,Axon_and_dendrite,yes,yes,exact_polyline_radius_500um_depth_tolerance_0.20,4127.6,2006.56,7357.48,development,no,frozen_before_projection_outcomes,no
2001,220190_039.swc,220190,IS22SYG-ZH04(0114)-W1,MOp1,Right,Axon_and_dendrite,no,no,exact_polyline_radius_500um_depth_tolerance_0.20,3993.24,1436.44,7511.56,development,no,frozen_before_projection_outcomes,no
7118,220190_040.swc,220190,IS22SYG-ZH04(0114)-W1,MOp2/3,Right,Axon_and_dendrite,yes,yes,exact_polyline_radius_500um_depth_tolerance_0.20,4207.5,1759.08,7214.36,development,no,frozen_before_projection_outcomes,no
17348,220190_041.swc,220190,IS22SYG-ZH04(0114)-W1,MOp6a,Right,Axon_and_dendrite,yes,yes,exact_polyline_radius_500um_depth_tolerance_0.20,4287.7,2452.22,7720.44,development,no,frozen_before_projection_outcomes,no
14138,220190_042.swc,220190,IS22SYG-ZH04(0114)-W1,MOp5,Right,Axon_and_dendrite,yes,yes,exact_polyline_radius_500um_depth_tolerance_0.20,4384.58,1899.61,7539.78,development,no,frozen_before_projection_outcomes,no
17349,220190_043.swc,220190,IS22SYG-ZH04(0114)-W1,MOp6a,Right,Axon_and_dendrite,yes,yes,exact_polyline_radius_500um_depth_tolerance_0.20,4042.3,2749.28,7615.62,development,no,frozen_before_projection_outcomes,no
17350,220190_044.swc,220190,IS22SYG-ZH04(0114)-W1,MOp6a,Right,Axon_and_dendrite,yes,yes,exact_polyline_radius_500um_depth_tolerance_0.20,4134.56,2673.96,7742.4,development,no,frozen_before_projection_outcomes,no
12229,220190_046.swc,220190,IS22SYG-ZH04(0114)-W1,MOp6a,Right,Axon_and_dendrite,yes,yes,exact_polyline_radius_500um_depth_tolerance_0.20,4042.54,2736.46,7893.02,development,no,frozen_before_projection_outcomes,no
12230,220190_052.swc,220190,IS22SYG-ZH04(0114)-W1,MOp6a,Right,Axon_and_dendrite,yes,yes,exact_polyline_radius_500um_depth_tolerance_0.20,5512.1,1621.32,6762.14,development,no,frozen_before_projection_outcomes,no
12231,220190_056.swc,220190,IS22SYG-ZH04(0114)-W1,MOp6a,Right,Axon_and_dendrite,yes,yes,exact_polyline_radius_500um_depth_tolerance_0.20,5921.52,1818.3,6945.8,development,no,frozen_before_projection_outcomes,no
12232,220190_057.swc,220190,IS22SYG-ZH04(0114)-W1,MOp6a,Right,Axon_and_dendrite,yes,yes,exact_polyline_radius_500um_depth_tolerance_0.20,5934.68,1650.53,6951.12,development,no,frozen_before_projection_outcomes,no
12233,220190_059.swc,220190,IS22SYG-ZH04(0114)-W1,MOp6a,Right,Axon_and_dendrite,yes,yes,exact_polyline_radius_500um_depth_tolerance_0.20,6231.42,1549.02,6708.4,development,no,frozen_before_projection_outcomes,no
14139,220190_064.swc,220190,IS22SYG-ZH04(0114)-W1,MOp5,Right,Axon_and_dendrite,yes,yes,exact_polyline_radius_500um_depth_tolerance_0.20,5975.9,1238.03,6916.56,development,no,frozen_before_projection_outcomes,no
10042,220190_066.swc,220190,IS22SYG-ZH04(0114)-W1,MOp5,Right,Axon_and_dendrite,yes,yes,exact_polyline_radius_500um_depth_tolerance_0.20,5940.24,1227.03,6774.72,development,no,frozen_before_projection_outcomes,no
12236,220190_072.swc,220190,IS22SYG-ZH04(0114)-W1,MOp6a,Right,Axon_and_dendrite,yes,yes,exact_polyline_radius_500um_depth_tolerance_0.20,5622.06,1746.92,6987.16,development,no,frozen_before_projection_outcomes,no
7297,221091_005.swc,221091,IS22XNL-DL07(0705)-T1-Tlx3,MOp5,Left,Axon_and_dendrite,yes,yes,exact_polyline_radius_500um_depth_tolerance_0.20,5238.9,1236.56,4731.12,development,no,frozen_before_projection_outcomes,no
10544,221091_066.swc,221091,IS22XNL-DL07(0705)-T1-Tlx3,MOp5,Left,Axon_and_dendrite,no,no,exact_polyline_radius_500um_depth_tolerance_0.20,5021.0,1482.39,4597.92,development,no,frozen_before_projection_outcomes,no
10545,221091_067.swc,221091,IS22XNL-DL07(0705)-T1-Tlx3,MOp5,Left,Axon_and_dendrite,no,no,exact_polyline_radius_500um_depth_tolerance_0.20,4958.66,1404.94,4543.14,development,no,frozen_before_projection_outcomes,no
10546,221091_068.swc,221091,IS22XNL-DL07(0705)-T1-Tlx3,MOp5,Left,Axon_and_dendrite,yes,yes,exact_polyline_radius_500um_depth_tolerance_0.20,5151.64,1519.99,4629.7,development,no,frozen_before_projection_outcomes,no
12349,221091_069.swc,221091,IS22XNL-DL07(0705)-T1-Tlx3,MOp6a,Left,Axon_and_dendrite,yes,yes,exact_polyline_radius_500um_depth_tolerance_0.20,5113.24,1686.38,4560.4,development,no,frozen_before_projection_outcomes,no
10548,221091_072.swc,221091,IS22XNL-DL07(0705)-T1-Tlx3,MOp5,Left,Axon_and_dendrite,yes,yes,exact_polyline_radius_500um_depth_tolerance_0.20,4654.82,1755.32,4276.24,development,no,frozen_before_projection_outcomes,no
10549,221091_073.swc,221091,IS22XNL-DL07(0705)-T1-Tlx3,MOp5,Left,Axon_and_dendrite,yes,yes,exact_polyline_radius_500um_depth_tolerance_0.20,4671.52,1886.42,4263.54,development,no,frozen_before_projection_outcomes,no
10550,221091_074.swc,221091,IS22XNL-DL07(0705)-T1-Tlx3,MOp5,Left,Axon_and_dendrite,yes,yes,exact_polyline_radius_500um_depth_tolerance_0.20,4628.54,1647.47,4213.02,development,no,frozen_before_projection_outcomes,no
10551,221091_076.swc,221091,IS22XNL-DL07(0705)-T1-Tlx3,MOp5,Left,Axon_and_dendrite,yes,yes,exact_polyline_radius_500um_depth_tolerance_0.20,4518.94,1757.35,4228.72,development,no,frozen_before_projection_outcomes,no
10552,221091_077.swc,221091,IS22XNL-DL07(0705)-T1-Tlx3,MOp5,Left,Axon_and_dendrite,yes,yes,exact_polyline_radius_500um_depth_tolerance_0.20,4722.64,1647.78,4177.14,development,no,frozen_before_projection_outcomes,no
10553,221091_078.swc,221091,IS22XNL-DL07(0705)-T1-Tlx3,MOp5,Left,Axon_and_dendrite,yes,yes,exact_polyline_radius_500um_depth_tolerance_0.20,4808.66,1730.91,4160.7,development,no,frozen_before_projection_outcomes,no
2909,221091_079.swc,221091,IS22XNL-DL07(0705)-T1-Tlx3,MOp2/3,Left,Axon_and_dendrite,yes,yes,exact_polyline_radius_500um_depth_tolerance_0.20,4771.1,1620.87,4041.48,development,no,frozen_before_projection_outcomes,no
10554,221091_080.swc,221091,IS22XNL-DL07(0705)-T1-Tlx3,MOp5,Left,Axon_and_dendrite,yes,yes,exact_polyline_radius_500um_depth_tolerance_0.20,4669.22,1783.65,4079.22,development,no,frozen_before_projection_outcomes,no
10555,221091_081.swc,221091,IS22XNL-DL07(0705)-T1-Tlx3,MOp5,Left,Axon_and_dendrite,yes,yes,exact_polyline_radius_500um_depth_tolerance_0.20,4514.5,1792.16,3993.98,development,no,frozen_before_projection_outcomes,no
10556,221091_082.swc,221091,IS22XNL-DL07(0705)-T1-Tlx3,MOp5,Left,Axon_and_dendrite,yes,yes,exact_polyline_radius_500um_depth_tolerance_0.20,4485.46,1865.87,3985.4,development,no,frozen_before_projection_outcomes,no
10557,221091_083.swc,221091,IS22XNL-DL07(0705)-T1-Tlx3,MOp5,Left,Axon_and_dendrite,yes,yes,exact_polyline_radius_500um_depth_tolerance_0.20,4410.96,1877.54,3903.0,development,no,frozen_before_projection_outcomes,no
10558,221091_084.swc,221091,IS22XNL-DL07(0705)-T1-Tlx3,MOp5,Left,Axon_and_dendrite,yes,yes,exact_polyline_radius_500um_depth_tolerance_0.20,4472.6,1891.84,3832.62,development,no,frozen_before_projection_outcomes,no
10559,221091_085.swc,221091,IS22XNL-DL07(0705)-T1-Tlx3,MOp5,Left,Axon_and_dendrite,yes,yes,exact_polyline_radius_500um_depth_tolerance_0.20,4356.04,2058.34,3972.06,development,no,frozen_before_projection_outcomes,no
10560,221091_086.swc,221091,IS22XNL-DL07(0705)-T1-Tlx3,MOp5,Left,Axon_and_dendrite,yes,yes,exact_polyline_radius_500um_depth_tolerance_0.20,4869.84,1704.47,3999.84,development,no,frozen_before_projection_outcomes,no
10561,221091_087.swc,221091,IS22XNL-DL07(0705)-T1-Tlx3,MOp5,Left,Axon_and_dendrite,yes,yes,exact_polyline_radius_500um_depth_tolerance_0.20,4753.74,1900.6,3976.38,development,no,frozen_before_projection_outcomes,no
10562,221091_088.swc,221091,IS22XNL-DL07(0705)-T1-Tlx3,MOp5,Left,Axon_and_dendrite,yes,yes,exact_polyline_radius_500um_depth_tolerance_0.20,4730.24,1927.63,3968.14,development,no,frozen_before_projection_outcomes,no
10563,221091_089.swc,221091,IS22XNL-DL07(0705)-T1-Tlx3,MOp5,Left,Axon_and_dendrite,yes,yes,exact_polyline_radius_500um_depth_tolerance_0.20,4668.74,1898.53,3887.12,development,no,frozen_before_projection_outcomes,no
10564,221091_090.swc,221091,IS22XNL-DL07(0705)-T1-Tlx3,MOp5,Left,Axon_and_dendrite,yes,yes,exact_polyline_radius_500um_depth_tolerance_0.20,4635.36,1846.48,3912.46,development,no,frozen_before_projection_outcomes,no
10565,221091_091.swc,221091,IS22XNL-DL07(0705)-T1-Tlx3,MOp5,Left,Axon_and_dendrite,yes,yes,exact_polyline_radius_500um_depth_tolerance_0.20,4617.84,1794.68,3945.04,development,no,frozen_before_projection_outcomes,no
10566,221091_092.swc,221091,IS22XNL-DL07(0705)-T1-Tlx3,MOp5,Left,Axon_and_dendrite,yes,yes,exact_polyline_radius_500um_depth_tolerance_0.20,4648.04,1839.74,3805.34,development,no,frozen_before_projection_outcomes,no
10567,221091_093.swc,221091,IS22XNL-DL07(0705)-T1-Tlx3,MOp5,Left,Axon_and_dendrite,yes,yes,exact_polyline_radius_500um_depth_tolerance_0.20,4761.94,1749.75,3865.64,development,no,frozen_before_projection_outcomes,no
7304,221091_094.swc,221091,IS22XNL-DL07(0705)-T1-Tlx3,MOp5,Left,Axon_and_dendrite,yes,yes,exact_polyline_radius_500um_depth_tolerance_0.20,4792.24,1891.05,3904.98,development,no,frozen_before_projection_outcomes,no
10568,221091_096.swc,221091,IS22XNL-DL07(0705)-T1-Tlx3,MOp5,Left,Axon_and_dendrite,yes,yes,exact_polyline_radius_500um_depth_tolerance_0.20,4732.98,1753.67,3916.4,development,no,frozen_before_projection_outcomes,no
10569,221091_097.swc,221091,IS22XNL-DL07(0705)-T1-Tlx3,MOp5,Left,Axon_and_dendrite,yes,yes,exact_polyline_radius_500um_depth_tolerance_0.20,4831.16,1908.94,3843.26,development,no,frozen_before_projection_outcomes,no
10570,221091_098.swc,221091,IS22XNL-DL07(0705)-T1-Tlx3,MOp5,Left,Axon_and_dendrite,yes,yes,exact_polyline_radius_500um_depth_tolerance_0.20,4864.92,1755.89,3805.38,development,no,frozen_before_projection_outcomes,no
10571,221091_099.swc,221091,IS22XNL-DL07(0705)-T1-Tlx3,MOp5,Left,Axon_and_dendrite,yes,yes,exact_polyline_radius_500um_depth_tolerance_0.20,4956.52,1770.85,3698.7,development,no,frozen_before_projection_outcomes,no
10572,221091_102.swc,221091,IS22XNL-DL07(0705)-T1-Tlx3,MOp5,Left,Axon_and_dendrite,yes,yes,exact_polyline_radius_500um_depth_tolerance_0.20,5003.18,1700.38,3818.12,development,no,frozen_before_projection_outcomes,no
10573,221091_103.swc,221091,IS22XNL-DL07(0705)-T1-Tlx3,MOp5,Left,Axon_and_dendrite,yes,yes,exact_polyline_radius_500um_depth_tolerance_0.20,5008.08,1689.2,3859.42,development,no,frozen_before_projection_outcomes,no
10574,221091_104.swc,221091,IS22XNL-DL07(0705)-T1-Tlx3,MOp5,Left,Axon_and_dendrite,yes,yes,exact_polyline_radius_500um_depth_tolerance_0.20,5036.52,1639.51,3889.86,development,no,frozen_before_projection_outcomes,no
2910,221091_105.swc,221091,IS22XNL-DL07(0705)-T1-Tlx3,MOp2/3,Left,Axon_and_dendrite,yes,yes,exact_polyline_radius_500um_depth_tolerance_0.20,5051.08,1538.32,3950.32,development,no,frozen_before_projection_outcomes,no
10686,221225_022.swc,221225,IS22XXH-DXJ03(0721)T1-Rbp4,MOp5,Right,Axon_and_dendrite,yes,yes,exact_polyline_radius_500um_depth_tolerance_0.20,4000.78,2016.86,7579.44,development,no,frozen_before_projection_outcomes,no
14682,221225_023.swc,221225,IS22XXH-DXJ03(0721)T1-Rbp4,MOp5,Right,Axon_and_dendrite,yes,yes,exact_polyline_radius_500um_depth_tolerance_0.20,4014.0,2034.4,7543.8,development,no,frozen_before_projection_outcomes,no
14683,221225_024.swc,221225,IS22XXH-DXJ03(0721)T1-Rbp4,MOp5,Right,Axon_and_dendrite,yes,yes,exact_polyline_radius_500um_depth_tolerance_0.20,4077.7,2030.7,7500.5,development,no,frozen_before_projection_outcomes,no
14684,221225_025.swc,221225,IS22XXH-DXJ03(0721)T1-Rbp4,MOp5,Right,Axon_and_dendrite,yes,yes,exact_polyline_radius_500um_depth_tolerance_0.20,4194.54,2241.42,7402.84,development,no,frozen_before_projection_outcomes,no
14685,221225_026.swc,221225,IS22XXH-DXJ03(0721)T1-Rbp4,MOp5,Right,Axon_and_dendrite,yes,yes,exact_polyline_radius_500um_depth_tolerance_0.20,4144.78,2265.9,7398.14,development,no,frozen_before_projection_outcomes,no
14686,221225_027.swc,221225,IS22XXH-DXJ03(0721)T1-Rbp4,MOp5,Right,Axon_and_dendrite,yes,yes,exact_polyline_radius_500um_depth_tolerance_0.20,4302.0,2256.12,7482.8,development,no,frozen_before_projection_outcomes,no
10687,221225_028.swc,221225,IS22XXH-DXJ03(0721)T1-Rbp4,MOp5,Right,Axon_and_dendrite,yes,yes,exact_polyline_radius_500um_depth_tolerance_0.20,4243.7,2083.14,7537.42,development,no,frozen_before_projection_outcomes,no
14687,221225_029.swc,221225,IS22XXH-DXJ03(0721)T1-Rbp4,MOp5,Right,Axon_and_dendrite,yes,yes,exact_polyline_radius_500um_depth_tolerance_0.20,4274.52,2169.94,7577.44,development,no,frozen_before_projection_outcomes,no
10688,221225_030.swc,221225,IS22XXH-DXJ03(0721)T1-Rbp4,MOp5,Right,Axon_and_dendrite,yes,yes,exact_polyline_radius_500um_depth_tolerance_0.20,4168.78,2112.36,7640.22,development,no,frozen_before_projection_outcomes,no
14688,221225_031.swc,221225,IS22XXH-DXJ03(0721)T1-Rbp4,MOp5,Right,Axon_and_dendrite,yes,yes,exact_polyline_radius_500um_depth_tolerance_0.20,4158.02,2087.82,7669.0,development,no,frozen_before_projection_outcomes,no
14689,221225_032.swc,221225,IS22XXH-DXJ03(0721)T1-Rbp4,MOp5,Right,Axon_and_dendrite,yes,yes,exact_polyline_radius_500um_depth_tolerance_0.20,4096.92,2116.9,7671.24,development,no,frozen_before_projection_outcomes,no
14690,221225_033.swc,221225,IS22XXH-DXJ03(0721)T1-Rbp4,MOp5,Right,Axon_and_dendrite,yes,yes,exact_polyline_radius_500um_depth_tolerance_0.20,4073.06,2061.62,7614.44,development,no,frozen_before_projection_outcomes,no
14691,221225_034.swc,221225,IS22XXH-DXJ03(0721)T1-Rbp4,MOp5,Right,Axon_and_dendrite,yes,yes,exact_polyline_radius_500um_depth_tolerance_0.20,4127.26,2072.54,7584.8,development,no,frozen_before_projection_outcomes,no
14692,221225_035.swc,221225,IS22XXH-DXJ03(0721)T1-Rbp4,MOp5,Right,Axon_and_dendrite,yes,yes,exact_polyline_radius_500um_depth_tolerance_0.20,4156.78,2048.36,7491.14,development,no,frozen_before_projection_outcomes,no
14693,221225_036.swc,221225,IS22XXH-DXJ03(0721)T1-Rbp4,MOp2/3,Right,Axon_and_dendrite,yes,yes,exact_polyline_radius_500um_depth_tolerance_0.20,4098.22,1919.3,7525.86,development,no,frozen_before_projection_outcomes,no
2955,221225_037.swc,221225,IS22XXH-DXJ03(0721)T1-Rbp4,MOp2/3,Right,Axon_and_dendrite,yes,yes,exact_polyline_radius_500um_depth_tolerance_0.20,4108.92,1886.02,7475.76,development,no,frozen_before_projection_outcomes,no
7318,221225_038.swc,221225,IS22XXH-DXJ03(0721)T1-Rbp4,MOp2/3,Right,Axon_and_dendrite,yes,yes,exact_polyline_radius_500um_depth_tolerance_0.20,4018.12,1872.42,7555.52,development,no,frozen_before_projection_outcomes,no
14694,221225_039.swc,221225,IS22XXH-DXJ03(0721)T1-Rbp4,MOp5,Right,Axon_and_dendrite,yes,yes,exact_polyline_radius_500um_depth_tolerance_0.20,3965.24,1934.78,7456.4,development,no,frozen_before_projection_outcomes,no
2956,221225_040.swc,221225,IS22XXH-DXJ03(0721)T1-Rbp4,MOp2/3,Right,Axon_and_dendrite,yes,yes,exact_polyline_radius_500um_depth_tolerance_0.20,3949.84,1902.4,7436.66,development,no,frozen_before_projection_outcomes,no
14704,221225_054.swc,221225,IS22XXH-DXJ03(0721)T1-Rbp4,MOp5,Right,Axon_and_dendrite,yes,yes,exact_polyline_radius_500um_depth_tolerance_0.20,4145.0,2060.06,7316.02,development,no,frozen_before_projection_outcomes,no
14705,221225_055.swc,221225,IS22XXH-DXJ03(0721)T1-Rbp4,MOp5,Right,Axon_and_dendrite,yes,yes,exact_polyline_radius_500um_depth_tolerance_0.20,4086.84,1935.09,7346.72,development,no,frozen_before_projection_outcomes,no
2958,221225_065.swc,221225,IS22XXH-DXJ03(0721)T1-Rbp4,MOp2/3,Right,Axon_and_dendrite,yes,yes,exact_polyline_radius_500um_depth_tolerance_0.20,4209.6,1915.46,7668.76,development,no,frozen_before_projection_outcomes,no
2959,221225_066.swc,221225,IS22XXH-DXJ03(0721)T1-Rbp4,MOp2/3,Right,Axon_and_dendrite,yes,yes,exact_polyline_radius_500um_depth_tolerance_0.20,4136.38,1999.49,7673.48,development,no,frozen_before_projection_outcomes,no
14710,221225_067.swc,221225,IS22XXH-DXJ03(0721)T1-Rbp4,MOp5,Right,Axon_and_dendrite,yes,yes,exact_polyline_radius_500um_depth_tolerance_0.20,4102.7,2103.3,7762.9,development,no,frozen_before_projection_outcomes,no
14711,221225_068.swc,221225,IS22XXH-DXJ03(0721)T1-Rbp4,MOp5,Right,Axon_and_dendrite,yes,yes,exact_polyline_radius_500um_depth_tolerance_0.20,4041.4,2163.78,7766.96,development,no,frozen_before_projection_outcomes,no
14712,221225_069.swc,221225,IS22XXH-DXJ03(0721)T1-Rbp4,MOp5,Right,Axon_and_dendrite,yes,yes,exact_polyline_radius_500um_depth_tolerance_0.20,4141.04,2162.04,7838.0,development,no,frozen_before_projection_outcomes,no
14713,221225_070.swc,221225,IS22XXH-DXJ03(0721)T1-Rbp4,MOp5,Right,Axon_and_dendrite,yes,yes,exact_polyline_radius_500um_depth_tolerance_0.20,4136.64,2381.7,7881.2,development,no,frozen_before_projection_outcomes,no
10695,221225_071.swc,221225,IS22XXH-DXJ03(0721)T1-Rbp4,MOp5,Right,Axon_and_dendrite,yes,yes,exact_polyline_radius_500um_depth_tolerance_0.20,3965.14,2373.44,7886.44,development,no,frozen_before_projection_outcomes,no
10696,221225_072.swc,221225,IS22XXH-DXJ03(0721)T1-Rbp4,MOp5,Right,Axon_and_dendrite,yes,yes,exact_polyline_radius_500um_depth_tolerance_0.20,3970.24,2460.24,7914.54,development,no,frozen_before_projection_outcomes,no
14720,221225_081.swc,221225,IS22XXH-DXJ03(0721)T1-Rbp4,MOp5,Right,Axon_and_dendrite,yes,yes,exact_polyline_radius_500um_depth_tolerance_0.20,3866.32,2078.98,7639.44,development,no,frozen_before_projection_outcomes,no
14721,221225_082.swc,221225,IS22XXH-DXJ03(0721)T1-Rbp4,MOp5,Right,Axon_and_dendrite,yes,yes,exact_polyline_radius_500um_depth_tolerance_0.20,3924.94,2119.14,7649.28,development,no,frozen_before_projection_outcomes,no
14722,221225_083.swc,221225,IS22XXH-DXJ03(0721)T1-Rbp4,MOp5,Right,Axon_and_dendrite,yes,yes,exact_polyline_radius_500um_depth_tolerance_0.20,3937.94,2107.12,7599.5,development,no,frozen_before_projection_outcomes,no
14723,221225_084.swc,221225,IS22XXH-DXJ03(0721)T1-Rbp4,MOp5,Right,Axon_and_dendrite,yes,yes,exact_polyline_radius_500um_depth_tolerance_0.20,4011.94,2144.74,7664.5,development,no,frozen_before_projection_outcomes,no
14724,221225_085.swc,221225,IS22XXH-DXJ03(0721)T1-Rbp4,MOp5,Right,Axon_and_dendrite,yes,yes,exact_polyline_radius_500um_depth_tolerance_0.20,4118.1,2364.66,7538.94,development,no,frozen_before_projection_outcomes,no
14725,221225_086.swc,221225,IS22XXH-DXJ03(0721)T1-Rbp4,MOp5,Right,Axon_and_dendrite,yes,yes,exact_polyline_radius_500um_depth_tolerance_0.20,3980.78,2441.88,7653.08,development,no,frozen_before_projection_outcomes,no
14726,221225_087.swc,221225,IS22XXH-DXJ03(0721)T1-Rbp4,MOp5,Right,Axon_and_dendrite,yes,yes,exact_polyline_radius_500um_depth_tolerance_0.20,3651.96,2320.74,7703.62,development,no,frozen_before_projection_outcomes,no
14727,221225_088.swc,221225,IS22XXH-DXJ03(0721)T1-Rbp4,MOp5,Right,Axon_and_dendrite,yes,yes,exact_polyline_radius_500um_depth_tolerance_0.20,3719.8,2476.44,7733.22,development,no,frozen_before_projection_outcomes,no
10698,221225_089.swc,221225,IS22XXH-DXJ03(0721)T1-Rbp4,MOp5,Right,Axon_and_dendrite,yes,yes,exact_polyline_radius_500um_depth_tolerance_0.20,3776.74,2316.52,7737.1,development,no,frozen_before_projection_outcomes,no
2961,221225_092.swc,221225,IS22XXH-DXJ03(0721)T1-Rbp4,MOp2/3,Right,Axon_and_dendrite,yes,yes,exact_polyline_radius_500um_depth_tolerance_0.20,4193.38,1803.95,7310.08,development,no,frozen_before_projection_outcomes,no
14729,221225_093.swc,221225,IS22XXH-DXJ03(0721)T1-Rbp4,MOp5,Right,Axon_and_dendrite,yes,yes,exact_polyline_radius_500um_depth_tolerance_0.20,4164.8,1905.34,7386.3,development,no,frozen_before_projection_outcomes,no
3288,221418_006.swc,221418,IS22XNL-LQX27(0808)T1-Tlx3,MOp2/3,Right,Axon_and_dendrite,yes,yes,exact_polyline_radius_500um_depth_tolerance_0.20,5027.42,1665.07,7663.42,development,no,frozen_before_projection_outcomes,no
3289,221418_007.swc,221418,IS22XNL-LQX27(0808)T1-Tlx3,MOp2/3,Right,Axon_and_dendrite,yes,yes,exact_polyline_radius_500um_depth_tolerance_0.20,5089.92,1647.45,7654.66,development,no,frozen_before_projection_outcomes,no
3290,221418_010.swc,221418,IS22XNL-LQX27(0808)T1-Tlx3,MOp2/3,Right,Axon_and_dendrite,yes,yes,exact_polyline_radius_500um_depth_tolerance_0.20,5449.54,1297.93,7218.78,development,no,frozen_before_projection_outcomes,no
10839,221418_011.swc,221418,IS22XNL-LQX27(0808)T1-Tlx3,MOp5,Right,Axon_and_dendrite,yes,yes,exact_polyline_radius_500um_depth_tolerance_0.20,5514.9,1485.01,7173.9,development,no,frozen_before_projection_outcomes,no
3291,221418_012.swc,221418,IS22XNL-LQX27(0808)T1-Tlx3,MOp2/3,Right,Axon_and_dendrite,no,no,exact_polyline_radius_500um_depth_tolerance_0.20,5508.0,1267.78,7239.82,development,no,frozen_before_projection_outcomes,no
3292,221418_013.swc,221418,IS22XNL-LQX27(0808)T1-Tlx3,MOp2/3,Right,Axon_and_dendrite,yes,yes,exact_polyline_radius_500um_depth_tolerance_0.20,5583.4,1232.78,7249.2,development,no,frozen_before_projection_outcomes,no
10842,221418_028.swc,221418,IS22XNL-LQX27(0808)T1-Tlx3,MOp5,Right,Axon_and_dendrite,yes,yes,exact_polyline_radius_500um_depth_tolerance_0.20,5034.12,1497.51,7213.58,development,no,frozen_before_projection_outcomes,no
3293,221418_029.swc,221418,IS22XNL-LQX27(0808)T1-Tlx3,MOp2/3,Right,Axon_and_dendrite,yes,yes,exact_polyline_radius_500um_depth_tolerance_0.20,5095.1,1376.82,7280.78,development,no,frozen_before_projection_outcomes,no
3294,221418_030.swc,221418,IS22XNL-LQX27(0808)T1-Tlx3,MOp2/3,Right,Axon_and_dendrite,yes,yes,exact_polyline_radius_500um_depth_tolerance_0.20,5017.24,1546.02,7499.48,development,no,frozen_before_projection_outcomes,no
3295,221418_031.swc,221418,IS22XNL-LQX27(0808)T1-Tlx3,MOp2/3,Right,Axon_and_dendrite,yes,yes,exact_polyline_radius_500um_depth_tolerance_0.20,5028.48,1524.1,7374.92,development,no,frozen_before_projection_outcomes,no
10843,221418_032.swc,221418,IS22XNL-LQX27(0808)T1-Tlx3,MOp5,Right,Axon_and_dendrite,yes,yes,exact_polyline_radius_500um_depth_tolerance_0.20,5350.96,1309.21,7028.14,development,no,frozen_before_projection_outcomes,no
3296,221418_033.swc,221418,IS22XNL-LQX27(0808)T1-Tlx3,MOp2/3,Right,Axon_and_dendrite,yes,yes,exact_polyline_radius_500um_depth_tolerance_0.20,5348.34,1324.22,7269.02,development,no,frozen_before_projection_outcomes,no
3297,221418_124.swc,221418,IS22XNL-LQX27(0808)T1-Tlx3,MOp2/3,Right,Axon_and_dendrite,yes,yes,exact_polyline_radius_500um_depth_tolerance_0.20,5392.1,1240.0,7091.48,development,no,frozen_before_projection_outcomes,no
17691,221514_014.swc,221514,IS22XXH-DXJ13(0906)T1-Ntsr1,MOp6a,Right,Axon_and_dendrite,yes,yes,exact_polyline_radius_500um_depth_tolerance_0.20,5837.1,1684.1,7073.2,development,no,frozen_before_projection_outcomes,no
17693,221514_022.swc,221514,IS22XXH-DXJ13(0906)T1-Ntsr1,MOp6a,Right,Axon_and_dendrite,yes,yes,exact_polyline_radius_500um_depth_tolerance_0.20,5536.48,1875.93,6957.12,development,no,frozen_before_projection_outcomes,no
17694,221514_023.swc,221514,IS22XXH-DXJ13(0906)T1-Ntsr1,MOp6a,Right,Axon_and_dendrite,yes,yes,exact_polyline_radius_500um_depth_tolerance_0.20,5505.84,1886.58,7009.78,development,no,frozen_before_projection_outcomes,no
17695,221514_024.swc,221514,IS22XXH-DXJ13(0906)T1-Ntsr1,MOp6a,Right,Axon_and_dendrite,yes,yes,exact_polyline_radius_500um_depth_tolerance_0.20,5276.24,1999.56,7029.98,development,no,frozen_before_projection_outcomes,no
17696,221514_025.swc,221514,IS22XXH-DXJ13(0906)T1-Ntsr1,MOp6a,Right,Axon_and_dendrite,yes,yes,exact_polyline_radius_500um_depth_tolerance_0.20,5718.24,1829.12,6968.96,development,no,frozen_before_projection_outcomes,no
15537,221539_066.swc,221539,IS22SYG-LY14(0910) T1-Ntsr1,MOp6a,Right,Axon_and_dendrite,yes,yes,exact_polyline_radius_500um_depth_tolerance_0.20,5304.46,2063.52,7203.68,development,no,frozen_before_projection_outcomes,no
4186,221588_107.swc,221588,IS22SYG-DYN25(0926)T1-Cux2,MOp2/3,Right,Axon_and_dendrite,yes,yes,exact_polyline_radius_500um_depth_tolerance_0.20,5324.16,926.44,6572.94,development,no,frozen_before_projection_outcomes,no
4187,221588_108.swc,221588,IS22SYG-DYN25(0926)T1-Cux2,MOp2/3,Right,Axon_and_dendrite,yes,yes,exact_polyline_radius_500um_depth_tolerance_0.20,5419.46,904.274,6682.74,development,no,frozen_before_projection_outcomes,no
4188,221588_109.swc,221588,IS22SYG-DYN25(0926)T1-Cux2,MOp2/3,Right,Axon_and_dendrite,yes,yes,exact_polyline_radius_500um_depth_tolerance_0.20,5507.42,890.478,6615.98,development,no,frozen_before_projection_outcomes,no
4189,221588_110.swc,221588,IS22SYG-DYN25(0926)T1-Cux2,MOp2/3,Right,Axon_and_dendrite,yes,yes,exact_polyline_radius_500um_depth_tolerance_0.20,5495.06,855.452,6550.9,development,no,frozen_before_projection_outcomes,no
4199,221588_123.swc,221588,IS22SYG-DYN25(0926)T1-Cux2,MOp2/3,Right,Axon_and_dendrite,yes,yes,exact_polyline_radius_500um_depth_tolerance_0.20,5812.28,831.9,6473.42,development,no,frozen_before_projection_outcomes,no
4200,221588_124.swc,221588,IS22SYG-DYN25(0926)T1-Cux2,MOp2/3,Right,Axon_and_dendrite,yes,yes,exact_polyline_radius_500um_depth_tolerance_0.20,5864.86,860.48,6493.02,development,no,frozen_before_projection_outcomes,no
4201,221588_125.swc,221588,IS22SYG-DYN25(0926)T1-Cux2,MOp2/3,Right,Axon_and_dendrite,no,no,exact_polyline_radius_500um_depth_tolerance_0.20,5804.48,715.59,6442.04,development,no,frozen_before_projection_outcomes,no
4203,221588_128.swc,221588,IS22SYG-DYN25(0926)T1-Cux2,MOp2/3,Right,Axon_and_dendrite,yes,yes,exact_polyline_radius_500um_depth_tolerance_0.20,5953.32,781.868,6472.72,development,no,frozen_before_projection_outcomes,no
4204,221588_129.swc,221588,IS22SYG-DYN25(0926)T1-Cux2,MOp2/3,Right,Axon_and_dendrite,yes,yes,exact_polyline_radius_500um_depth_tolerance_0.20,6018.76,745.606,6483.56,development,no,frozen_before_projection_outcomes,no
4205,221588_130.swc,221588,IS22SYG-DYN25(0926)T1-Cux2,MOp2/3,Right,Axon_and_dendrite,yes,yes,exact_polyline_radius_500um_depth_tolerance_0.20,5956.98,726.992,6547.38,development,no,frozen_before_projection_outcomes,no
4206,221588_134.swc,221588,IS22SYG-DYN25(0926)T1-Cux2,MOp2/3,Right,Axon_and_dendrite,yes,yes,exact_polyline_radius_500um_depth_tolerance_0.20,5636.34,775.88,6559.52,development,no,frozen_before_projection_outcomes,no
11590,221751_179.swc,221751,IS22YHS-LDC17(1109)T1-PlexinD1,MOp5,Right,Axon_and_dendrite,yes,yes,exact_polyline_radius_500um_depth_tolerance_0.20,5797.06,1111.61,6570.14,development,no,frozen_before_projection_outcomes,no
5525,221751_185.swc,221751,IS22YHS-LDC17(1109)T1-PlexinD1,MOp2/3,Right,Axon_and_dendrite,yes,yes,exact_polyline_radius_500um_depth_tolerance_0.20,5598.9,871.076,6691.08,development,no,frozen_before_projection_outcomes,no
5526,221751_188.swc,221751,IS22YHS-LDC17(1109)T1-PlexinD1,MOp2/3,Right,Axon_and_dendrite,yes,yes,exact_polyline_radius_500um_depth_tolerance_0.20,5634.56,902.008,6739.38,development,no,frozen_before_projection_outcomes,no
5527,221751_189.swc,221751,IS22YHS-LDC17(1109)T1-PlexinD1,MOp2/3,Right,Axon_and_dendrite,yes,yes,exact_polyline_radius_500um_depth_tolerance_0.20,5643.56,851.902,6771.22,development,no,frozen_before_projection_outcomes,no
5528,221751_191.swc,221751,IS22YHS-LDC17(1109)T1-PlexinD1,MOp2/3,Right,Axon_and_dendrite,yes,yes,exact_polyline_radius_500um_depth_tolerance_0.20,5680.5,741.356,6723.4,development,no,frozen_before_projection_outcomes,no
5529,221751_193.swc,221751,IS22YHS-LDC17(1109)T1-PlexinD1,MOp2/3,Right,Axon_and_dendrite,yes,yes,exact_polyline_radius_500um_depth_tolerance_0.20,5607.1,786.33,6668.22,development,no,frozen_before_projection_outcomes,no
11593,221751_194.swc,221751,IS22YHS-LDC17(1109)T1-PlexinD1,MOp5,Right,Axon_and_dendrite,yes,yes,exact_polyline_radius_500um_depth_tolerance_0.20,5671.6,1022.39,6590.4,development,no,frozen_before_projection_outcomes,no
5530,221751_195.swc,221751,IS22YHS-LDC17(1109)T1-PlexinD1,MOp1,Right,Axon_and_dendrite,yes,yes,exact_polyline_radius_500um_depth_tolerance_0.20,5775.08,689.734,6797.46,development,no,frozen_before_projection_outcomes,no
5531,221751_196.swc,221751,IS22YHS-LDC17(1109)T1-PlexinD1,MOp2/3,Right,Axon_and_dendrite,no,no,exact_polyline_radius_500um_depth_tolerance_0.20,5968.68,652.308,6855.58,development,no,frozen_before_projection_outcomes,no
5532,221751_198.swc,221751,IS22YHS-LDC17(1109)T1-PlexinD1,MOp2/3,Right,Axon_and_dendrite,yes,yes,exact_polyline_radius_500um_depth_tolerance_0.20,6078.2,719.782,6791.86,development,no,frozen_before_projection_outcomes,no
5533,221751_199.swc,221751,IS22YHS-LDC17(1109)T1-PlexinD1,MOp2/3,Right,Axon_and_dendrite,yes,yes,exact_polyline_radius_500um_depth_tolerance_0.20,5951.9,740.422,6725.28,development,no,frozen_before_projection_outcomes,no
5535,221751_201.swc,221751,IS22YHS-LDC17(1109)T1-PlexinD1,MOp2/3,Right,Axon_and_dendrite,yes,yes,exact_polyline_radius_500um_depth_tolerance_0.20,5469.96,802.768,6827.8,development,no,frozen_before_projection_outcomes,no
5536,221751_202.swc,221751,IS22YHS-LDC17(1109)T1-PlexinD1,MOp2/3,Right,Axon_and_dendrite,yes,yes,exact_polyline_radius_500um_depth_tolerance_0.20,5368.14,946.224,6711.76,development,no,frozen_before_projection_outcomes,no
5537,221751_203.swc,221751,IS22YHS-LDC17(1109)T1-PlexinD1,MOp2/3,Right,Axon_and_dendrite,yes,yes,exact_polyline_radius_500um_depth_tolerance_0.20,5425.44,876.714,6675.28,development,no,frozen_before_projection_outcomes,no
18168,233281_145.swc,233281,IS23SYG-WD133(0613) T1-Tle4,MOp6a,Right,Axon_and_dendrite,yes,yes,exact_polyline_radius_500um_depth_tolerance_0.20,4925.66,2010.58,7008.28,development,no,frozen_before_projection_outcomes,no
18171,233281_148.swc,233281,IS23SYG-WD133(0613) T1-Tle4,MOp6a,Right,Axon_and_dendrite,yes,yes,exact_polyline_radius_500um_depth_tolerance_0.20,5038.9,1789.67,6825.18,development,no,frozen_before_projection_outcomes,no
