source_region,cohort,analysis_cells,released_brain_sample_units,identity_interpretation,hemispheres_folded,tangential_metric,depth_metric,depth_projection_convention,tangential_radius_um,normalized_depth_tolerance,label_support_track,cells_with_2plus_candidate_neighbor_groups,development_groups,final_groups,unassigned_groups,minimum_per_role_group_retention,minimum_overall_retention_within_each_role,minimum_development_groups_with_2plus_cells,distinct_development_neighbor_groups_per_retained_cell,feasible_role_allocation_exists,solver_status,solver_status_code,role_assignment_emitted,screen_status
MOp,Gao_whole_cortex_projectome,833,76,unique_provider_sample_id_one_to_one_with_fMOST_id_not_certified_animal,yes,pial_endpoint_26_neighbor_surface_graph_geodesic_um,pia_to_soma_path_length_divided_by_local_streamline_length,exact_polyline_closest_point_primary,250,0.10,line_composition_reported_not_hard_gated,603,12,8,56,0.90,0.95,8,2,no,infeasible,2,no,outcome_blind_geometry_feasibility_no_role_assignment
MOp,Gao_whole_cortex_projectome,833,76,unique_provider_sample_id_one_to_one_with_fMOST_id_not_certified_animal,yes,pial_endpoint_26_neighbor_surface_graph_geodesic_um,pia_to_soma_path_length_divided_by_local_streamline_length,exact_polyline_closest_point_primary,250,0.20,line_composition_reported_not_hard_gated,754,12,8,56,0.90,0.95,8,2,no,infeasible,2,no,outcome_blind_geometry_feasibility_no_role_assignment
MOp,Gao_whole_cortex_projectome,833,76,unique_provider_sample_id_one_to_one_with_fMOST_id_not_certified_animal,yes,pial_endpoint_26_neighbor_surface_graph_geodesic_um,pia_to_soma_path_length_divided_by_local_streamline_length,exact_polyline_closest_point_primary,250,0.30,line_composition_reported_not_hard_gated,802,12,8,56,0.90,0.95,8,2,no,infeasible,2,no,outcome_blind_geometry_feasibility_no_role_assignment
MOp,Gao_whole_cortex_projectome,833,76,unique_provider_sample_id_one_to_one_with_fMOST_id_not_certified_animal,yes,pial_endpoint_26_neighbor_surface_graph_geodesic_um,pia_to_soma_path_length_divided_by_local_streamline_length,exact_polyline_closest_point_primary,250,unrestricted_diagnostic,line_composition_reported_not_hard_gated,833,12,8,56,0.90,0.95,8,2,yes,feasible,0,no,outcome_blind_geometry_feasibility_no_role_assignment
MOp,Gao_whole_cortex_projectome,833,76,unique_provider_sample_id_one_to_one_with_fMOST_id_not_certified_animal,yes,pial_endpoint_26_neighbor_surface_graph_geodesic_um,pia_to_soma_path_length_divided_by_local_streamline_length,exact_polyline_closest_point_primary,500,0.10,line_composition_reported_not_hard_gated,804,12,8,56,0.90,0.95,8,2,no,infeasible,2,no,outcome_blind_geometry_feasibility_no_role_assignment
MOp,Gao_whole_cortex_projectome,833,76,unique_provider_sample_id_one_to_one_with_fMOST_id_not_certified_animal,yes,pial_endpoint_26_neighbor_surface_graph_geodesic_um,pia_to_soma_path_length_divided_by_local_streamline_length,exact_polyline_closest_point_primary,500,0.20,line_composition_reported_not_hard_gated,825,12,8,56,0.90,0.95,8,2,yes,feasible,0,no,outcome_blind_geometry_feasibility_no_role_assignment
MOp,Gao_whole_cortex_projectome,833,76,unique_provider_sample_id_one_to_one_with_fMOST_id_not_certified_animal,yes,pial_endpoint_26_neighbor_surface_graph_geodesic_um,pia_to_soma_path_length_divided_by_local_streamline_length,exact_polyline_closest_point_primary,500,0.30,line_composition_reported_not_hard_gated,833,12,8,56,0.90,0.95,8,2,yes,feasible,0,no,outcome_blind_geometry_feasibility_no_role_assignment
MOp,Gao_whole_cortex_projectome,833,76,unique_provider_sample_id_one_to_one_with_fMOST_id_not_certified_animal,yes,pial_endpoint_26_neighbor_surface_graph_geodesic_um,pia_to_soma_path_length_divided_by_local_streamline_length,exact_polyline_closest_point_primary,500,unrestricted_diagnostic,line_composition_reported_not_hard_gated,833,12,8,56,0.90,0.95,8,2,yes,feasible,0,no,outcome_blind_geometry_feasibility_no_role_assignment
MOp,Gao_whole_cortex_projectome,833,76,unique_provider_sample_id_one_to_one_with_fMOST_id_not_certified_animal,yes,pial_endpoint_26_neighbor_surface_graph_geodesic_um,pia_to_soma_path_length_divided_by_local_streamline_length,exact_polyline_closest_point_primary,750,0.10,line_composition_reported_not_hard_gated,828,12,8,56,0.90,0.95,8,2,yes,feasible,0,no,outcome_blind_geometry_feasibility_no_role_assignment
MOp,Gao_whole_cortex_projectome,833,76,unique_provider_sample_id_one_to_one_with_fMOST_id_not_certified_animal,yes,pial_endpoint_26_neighbor_surface_graph_geodesic_um,pia_to_soma_path_length_divided_by_local_streamline_length,exact_polyline_closest_point_primary,750,0.20,line_composition_reported_not_hard_gated,831,12,8,56,0.90,0.95,8,2,yes,feasible,0,no,outcome_blind_geometry_feasibility_no_role_assignment
MOp,Gao_whole_cortex_projectome,833,76,unique_provider_sample_id_one_to_one_with_fMOST_id_not_certified_animal,yes,pial_endpoint_26_neighbor_surface_graph_geodesic_um,pia_to_soma_path_length_divided_by_local_streamline_length,exact_polyline_closest_point_primary,750,0.30,line_composition_reported_not_hard_gated,833,12,8,56,0.90,0.95,8,2,yes,feasible,0,no,outcome_blind_geometry_feasibility_no_role_assignment
MOp,Gao_whole_cortex_projectome,833,76,unique_provider_sample_id_one_to_one_with_fMOST_id_not_certified_animal,yes,pial_endpoint_26_neighbor_surface_graph_geodesic_um,pia_to_soma_path_length_divided_by_local_streamline_length,exact_polyline_closest_point_primary,750,unrestricted_diagnostic,line_composition_reported_not_hard_gated,833,12,8,56,0.90,0.95,8,2,yes,feasible,0,no,outcome_blind_geometry_feasibility_no_role_assignment
MOp,Gao_whole_cortex_projectome,833,76,unique_provider_sample_id_one_to_one_with_fMOST_id_not_certified_animal,yes,pial_endpoint_26_neighbor_surface_graph_geodesic_um,pia_to_soma_path_length_divided_by_local_streamline_length,exact_polyline_closest_point_primary,1000,0.10,line_composition_reported_not_hard_gated,829,12,8,56,0.90,0.95,8,2,yes,feasible,0,no,outcome_blind_geometry_feasibility_no_role_assignment
MOp,Gao_whole_cortex_projectome,833,76,unique_provider_sample_id_one_to_one_with_fMOST_id_not_certified_animal,yes,pial_endpoint_26_neighbor_surface_graph_geodesic_um,pia_to_soma_path_length_divided_by_local_streamline_length,exact_polyline_closest_point_primary,1000,0.20,line_composition_reported_not_hard_gated,832,12,8,56,0.90,0.95,8,2,yes,feasible,0,no,outcome_blind_geometry_feasibility_no_role_assignment
MOp,Gao_whole_cortex_projectome,833,76,unique_provider_sample_id_one_to_one_with_fMOST_id_not_certified_animal,yes,pial_endpoint_26_neighbor_surface_graph_geodesic_um,pia_to_soma_path_length_divided_by_local_streamline_length,exact_polyline_closest_point_primary,1000,0.30,line_composition_reported_not_hard_gated,833,12,8,56,0.90,0.95,8,2,yes,feasible,0,no,outcome_blind_geometry_feasibility_no_role_assignment
MOp,Gao_whole_cortex_projectome,833,76,unique_provider_sample_id_one_to_one_with_fMOST_id_not_certified_animal,yes,pial_endpoint_26_neighbor_surface_graph_geodesic_um,pia_to_soma_path_length_divided_by_local_streamline_length,exact_polyline_closest_point_primary,1000,unrestricted_diagnostic,line_composition_reported_not_hard_gated,833,12,8,56,0.90,0.95,8,2,yes,feasible,0,no,outcome_blind_geometry_feasibility_no_role_assignment
MOp,Gao_whole_cortex_projectome,833,76,unique_provider_sample_id_one_to_one_with_fMOST_id_not_certified_animal,yes,pial_endpoint_26_neighbor_surface_graph_geodesic_um,pia_to_soma_path_length_divided_by_local_streamline_length,exact_polyline_closest_point_primary,1250,0.10,line_composition_reported_not_hard_gated,831,12,8,56,0.90,0.95,8,2,yes,feasible,0,no,outcome_blind_geometry_feasibility_no_role_assignment
MOp,Gao_whole_cortex_projectome,833,76,unique_provider_sample_id_one_to_one_with_fMOST_id_not_certified_animal,yes,pial_endpoint_26_neighbor_surface_graph_geodesic_um,pia_to_soma_path_length_divided_by_local_streamline_length,exact_polyline_closest_point_primary,1250,0.20,line_composition_reported_not_hard_gated,833,12,8,56,0.90,0.95,8,2,yes,feasible,0,no,outcome_blind_geometry_feasibility_no_role_assignment
MOp,Gao_whole_cortex_projectome,833,76,unique_provider_sample_id_one_to_one_with_fMOST_id_not_certified_animal,yes,pial_endpoint_26_neighbor_surface_graph_geodesic_um,pia_to_soma_path_length_divided_by_local_streamline_length,exact_polyline_closest_point_primary,1250,0.30,line_composition_reported_not_hard_gated,833,12,8,56,0.90,0.95,8,2,yes,feasible,0,no,outcome_blind_geometry_feasibility_no_role_assignment
MOp,Gao_whole_cortex_projectome,833,76,unique_provider_sample_id_one_to_one_with_fMOST_id_not_certified_animal,yes,pial_endpoint_26_neighbor_surface_graph_geodesic_um,pia_to_soma_path_length_divided_by_local_streamline_length,exact_polyline_closest_point_primary,1250,unrestricted_diagnostic,line_composition_reported_not_hard_gated,833,12,8,56,0.90,0.95,8,2,yes,feasible,0,no,outcome_blind_geometry_feasibility_no_role_assignment
MOp,Gao_whole_cortex_projectome,833,76,unique_provider_sample_id_one_to_one_with_fMOST_id_not_certified_animal,yes,pial_endpoint_26_neighbor_surface_graph_geodesic_um,pia_to_soma_path_length_divided_by_local_streamline_length,exact_polyline_closest_point_primary,1500,0.10,line_composition_reported_not_hard_gated,831,12,8,56,0.90,0.95,8,2,yes,feasible,0,no,outcome_blind_geometry_feasibility_no_role_assignment
MOp,Gao_whole_cortex_projectome,833,76,unique_provider_sample_id_one_to_one_with_fMOST_id_not_certified_animal,yes,pial_endpoint_26_neighbor_surface_graph_geodesic_um,pia_to_soma_path_length_divided_by_local_streamline_length,exact_polyline_closest_point_primary,1500,0.20,line_composition_reported_not_hard_gated,833,12,8,56,0.90,0.95,8,2,yes,feasible,0,no,outcome_blind_geometry_feasibility_no_role_assignment
MOp,Gao_whole_cortex_projectome,833,76,unique_provider_sample_id_one_to_one_with_fMOST_id_not_certified_animal,yes,pial_endpoint_26_neighbor_surface_graph_geodesic_um,pia_to_soma_path_length_divided_by_local_streamline_length,exact_polyline_closest_point_primary,1500,0.30,line_composition_reported_not_hard_gated,833,12,8,56,0.90,0.95,8,2,yes,feasible,0,no,outcome_blind_geometry_feasibility_no_role_assignment
MOp,Gao_whole_cortex_projectome,833,76,unique_provider_sample_id_one_to_one_with_fMOST_id_not_certified_animal,yes,pial_endpoint_26_neighbor_surface_graph_geodesic_um,pia_to_soma_path_length_divided_by_local_streamline_length,exact_polyline_closest_point_primary,1500,unrestricted_diagnostic,line_composition_reported_not_hard_gated,833,12,8,56,0.90,0.95,8,2,yes,feasible,0,no,outcome_blind_geometry_feasibility_no_role_assignment
MOp,Gao_whole_cortex_projectome,833,76,unique_provider_sample_id_one_to_one_with_fMOST_id_not_certified_animal,yes,pial_endpoint_26_neighbor_surface_graph_geodesic_um,pia_to_soma_path_length_divided_by_local_streamline_length,ccf_streamlines_LineString3D_project_sensitivity,250,0.10,line_composition_reported_not_hard_gated,602,12,8,56,0.90,0.95,8,2,no,infeasible,2,no,outcome_blind_geometry_feasibility_no_role_assignment
MOp,Gao_whole_cortex_projectome,833,76,unique_provider_sample_id_one_to_one_with_fMOST_id_not_certified_animal,yes,pial_endpoint_26_neighbor_surface_graph_geodesic_um,pia_to_soma_path_length_divided_by_local_streamline_length,ccf_streamlines_LineString3D_project_sensitivity,250,0.20,line_composition_reported_not_hard_gated,753,12,8,56,0.90,0.95,8,2,no,infeasible,2,no,outcome_blind_geometry_feasibility_no_role_assignment
MOp,Gao_whole_cortex_projectome,833,76,unique_provider_sample_id_one_to_one_with_fMOST_id_not_certified_animal,yes,pial_endpoint_26_neighbor_surface_graph_geodesic_um,pia_to_soma_path_length_divided_by_local_streamline_length,ccf_streamlines_LineString3D_project_sensitivity,250,0.30,line_composition_reported_not_hard_gated,801,12,8,56,0.90,0.95,8,2,no,infeasible,2,no,outcome_blind_geometry_feasibility_no_role_assignment
MOp,Gao_whole_cortex_projectome,833,76,unique_provider_sample_id_one_to_one_with_fMOST_id_not_certified_animal,yes,pial_endpoint_26_neighbor_surface_graph_geodesic_um,pia_to_soma_path_length_divided_by_local_streamline_length,ccf_streamlines_LineString3D_project_sensitivity,250,unrestricted_diagnostic,line_composition_reported_not_hard_gated,833,12,8,56,0.90,0.95,8,2,yes,feasible,0,no,outcome_blind_geometry_feasibility_no_role_assignment
MOp,Gao_whole_cortex_projectome,833,76,unique_provider_sample_id_one_to_one_with_fMOST_id_not_certified_animal,yes,pial_endpoint_26_neighbor_surface_graph_geodesic_um,pia_to_soma_path_length_divided_by_local_streamline_length,ccf_streamlines_LineString3D_project_sensitivity,500,0.10,line_composition_reported_not_hard_gated,804,12,8,56,0.90,0.95,8,2,no,infeasible,2,no,outcome_blind_geometry_feasibility_no_role_assignment
MOp,Gao_whole_cortex_projectome,833,76,unique_provider_sample_id_one_to_one_with_fMOST_id_not_certified_animal,yes,pial_endpoint_26_neighbor_surface_graph_geodesic_um,pia_to_soma_path_length_divided_by_local_streamline_length,ccf_streamlines_LineString3D_project_sensitivity,500,0.20,line_composition_reported_not_hard_gated,825,12,8,56,0.90,0.95,8,2,yes,feasible,0,no,outcome_blind_geometry_feasibility_no_role_assignment
MOp,Gao_whole_cortex_projectome,833,76,unique_provider_sample_id_one_to_one_with_fMOST_id_not_certified_animal,yes,pial_endpoint_26_neighbor_surface_graph_geodesic_um,pia_to_soma_path_length_divided_by_local_streamline_length,ccf_streamlines_LineString3D_project_sensitivity,500,0.30,line_composition_reported_not_hard_gated,833,12,8,56,0.90,0.95,8,2,yes,feasible,0,no,outcome_blind_geometry_feasibility_no_role_assignment
MOp,Gao_whole_cortex_projectome,833,76,unique_provider_sample_id_one_to_one_with_fMOST_id_not_certified_animal,yes,pial_endpoint_26_neighbor_surface_graph_geodesic_um,pia_to_soma_path_length_divided_by_local_streamline_length,ccf_streamlines_LineString3D_project_sensitivity,500,unrestricted_diagnostic,line_composition_reported_not_hard_gated,833,12,8,56,0.90,0.95,8,2,yes,feasible,0,no,outcome_blind_geometry_feasibility_no_role_assignment
MOp,Gao_whole_cortex_projectome,833,76,unique_provider_sample_id_one_to_one_with_fMOST_id_not_certified_animal,yes,pial_endpoint_26_neighbor_surface_graph_geodesic_um,pia_to_soma_path_length_divided_by_local_streamline_length,ccf_streamlines_LineString3D_project_sensitivity,750,0.10,line_composition_reported_not_hard_gated,828,12,8,56,0.90,0.95,8,2,yes,feasible,0,no,outcome_blind_geometry_feasibility_no_role_assignment
MOp,Gao_whole_cortex_projectome,833,76,unique_provider_sample_id_one_to_one_with_fMOST_id_not_certified_animal,yes,pial_endpoint_26_neighbor_surface_graph_geodesic_um,pia_to_soma_path_length_divided_by_local_streamline_length,ccf_streamlines_LineString3D_project_sensitivity,750,0.20,line_composition_reported_not_hard_gated,831,12,8,56,0.90,0.95,8,2,yes,feasible,0,no,outcome_blind_geometry_feasibility_no_role_assignment
MOp,Gao_whole_cortex_projectome,833,76,unique_provider_sample_id_one_to_one_with_fMOST_id_not_certified_animal,yes,pial_endpoint_26_neighbor_surface_graph_geodesic_um,pia_to_soma_path_length_divided_by_local_streamline_length,ccf_streamlines_LineString3D_project_sensitivity,750,0.30,line_composition_reported_not_hard_gated,833,12,8,56,0.90,0.95,8,2,yes,feasible,0,no,outcome_blind_geometry_feasibility_no_role_assignment
MOp,Gao_whole_cortex_projectome,833,76,unique_provider_sample_id_one_to_one_with_fMOST_id_not_certified_animal,yes,pial_endpoint_26_neighbor_surface_graph_geodesic_um,pia_to_soma_path_length_divided_by_local_streamline_length,ccf_streamlines_LineString3D_project_sensitivity,750,unrestricted_diagnostic,line_composition_reported_not_hard_gated,833,12,8,56,0.90,0.95,8,2,yes,feasible,0,no,outcome_blind_geometry_feasibility_no_role_assignment
MOp,Gao_whole_cortex_projectome,833,76,unique_provider_sample_id_one_to_one_with_fMOST_id_not_certified_animal,yes,pial_endpoint_26_neighbor_surface_graph_geodesic_um,pia_to_soma_path_length_divided_by_local_streamline_length,ccf_streamlines_LineString3D_project_sensitivity,1000,0.10,line_composition_reported_not_hard_gated,829,12,8,56,0.90,0.95,8,2,yes,feasible,0,no,outcome_blind_geometry_feasibility_no_role_assignment
MOp,Gao_whole_cortex_projectome,833,76,unique_provider_sample_id_one_to_one_with_fMOST_id_not_certified_animal,yes,pial_endpoint_26_neighbor_surface_graph_geodesic_um,pia_to_soma_path_length_divided_by_local_streamline_length,ccf_streamlines_LineString3D_project_sensitivity,1000,0.20,line_composition_reported_not_hard_gated,832,12,8,56,0.90,0.95,8,2,yes,feasible,0,no,outcome_blind_geometry_feasibility_no_role_assignment
MOp,Gao_whole_cortex_projectome,833,76,unique_provider_sample_id_one_to_one_with_fMOST_id_not_certified_animal,yes,pial_endpoint_26_neighbor_surface_graph_geodesic_um,pia_to_soma_path_length_divided_by_local_streamline_length,ccf_streamlines_LineString3D_project_sensitivity,1000,0.30,line_composition_reported_not_hard_gated,833,12,8,56,0.90,0.95,8,2,yes,feasible,0,no,outcome_blind_geometry_feasibility_no_role_assignment
MOp,Gao_whole_cortex_projectome,833,76,unique_provider_sample_id_one_to_one_with_fMOST_id_not_certified_animal,yes,pial_endpoint_26_neighbor_surface_graph_geodesic_um,pia_to_soma_path_length_divided_by_local_streamline_length,ccf_streamlines_LineString3D_project_sensitivity,1000,unrestricted_diagnostic,line_composition_reported_not_hard_gated,833,12,8,56,0.90,0.95,8,2,yes,feasible,0,no,outcome_blind_geometry_feasibility_no_role_assignment
MOp,Gao_whole_cortex_projectome,833,76,unique_provider_sample_id_one_to_one_with_fMOST_id_not_certified_animal,yes,pial_endpoint_26_neighbor_surface_graph_geodesic_um,pia_to_soma_path_length_divided_by_local_streamline_length,ccf_streamlines_LineString3D_project_sensitivity,1250,0.10,line_composition_reported_not_hard_gated,831,12,8,56,0.90,0.95,8,2,yes,feasible,0,no,outcome_blind_geometry_feasibility_no_role_assignment
MOp,Gao_whole_cortex_projectome,833,76,unique_provider_sample_id_one_to_one_with_fMOST_id_not_certified_animal,yes,pial_endpoint_26_neighbor_surface_graph_geodesic_um,pia_to_soma_path_length_divided_by_local_streamline_length,ccf_streamlines_LineString3D_project_sensitivity,1250,0.20,line_composition_reported_not_hard_gated,833,12,8,56,0.90,0.95,8,2,yes,feasible,0,no,outcome_blind_geometry_feasibility_no_role_assignment
MOp,Gao_whole_cortex_projectome,833,76,unique_provider_sample_id_one_to_one_with_fMOST_id_not_certified_animal,yes,pial_endpoint_26_neighbor_surface_graph_geodesic_um,pia_to_soma_path_length_divided_by_local_streamline_length,ccf_streamlines_LineString3D_project_sensitivity,1250,0.30,line_composition_reported_not_hard_gated,833,12,8,56,0.90,0.95,8,2,yes,feasible,0,no,outcome_blind_geometry_feasibility_no_role_assignment
MOp,Gao_whole_cortex_projectome,833,76,unique_provider_sample_id_one_to_one_with_fMOST_id_not_certified_animal,yes,pial_endpoint_26_neighbor_surface_graph_geodesic_um,pia_to_soma_path_length_divided_by_local_streamline_length,ccf_streamlines_LineString3D_project_sensitivity,1250,unrestricted_diagnostic,line_composition_reported_not_hard_gated,833,12,8,56,0.90,0.95,8,2,yes,feasible,0,no,outcome_blind_geometry_feasibility_no_role_assignment
MOp,Gao_whole_cortex_projectome,833,76,unique_provider_sample_id_one_to_one_with_fMOST_id_not_certified_animal,yes,pial_endpoint_26_neighbor_surface_graph_geodesic_um,pia_to_soma_path_length_divided_by_local_streamline_length,ccf_streamlines_LineString3D_project_sensitivity,1500,0.10,line_composition_reported_not_hard_gated,831,12,8,56,0.90,0.95,8,2,yes,feasible,0,no,outcome_blind_geometry_feasibility_no_role_assignment
MOp,Gao_whole_cortex_projectome,833,76,unique_provider_sample_id_one_to_one_with_fMOST_id_not_certified_animal,yes,pial_endpoint_26_neighbor_surface_graph_geodesic_um,pia_to_soma_path_length_divided_by_local_streamline_length,ccf_streamlines_LineString3D_project_sensitivity,1500,0.20,line_composition_reported_not_hard_gated,833,12,8,56,0.90,0.95,8,2,yes,feasible,0,no,outcome_blind_geometry_feasibility_no_role_assignment
MOp,Gao_whole_cortex_projectome,833,76,unique_provider_sample_id_one_to_one_with_fMOST_id_not_certified_animal,yes,pial_endpoint_26_neighbor_surface_graph_geodesic_um,pia_to_soma_path_length_divided_by_local_streamline_length,ccf_streamlines_LineString3D_project_sensitivity,1500,0.30,line_composition_reported_not_hard_gated,833,12,8,56,0.90,0.95,8,2,yes,feasible,0,no,outcome_blind_geometry_feasibility_no_role_assignment
MOp,Gao_whole_cortex_projectome,833,76,unique_provider_sample_id_one_to_one_with_fMOST_id_not_certified_animal,yes,pial_endpoint_26_neighbor_surface_graph_geodesic_um,pia_to_soma_path_length_divided_by_local_streamline_length,ccf_streamlines_LineString3D_project_sensitivity,1500,unrestricted_diagnostic,line_composition_reported_not_hard_gated,833,12,8,56,0.90,0.95,8,2,yes,feasible,0,no,outcome_blind_geometry_feasibility_no_role_assignment
